OrderID,OrderDate,CustomerID,Region,Channel,Category,Product,Quantity,UnitPrice,Discount,Sales,Profit
ORD-10000,2024-12-12,CUST-1094,Central,Online,Electronics,Smartphone,3,203.46,0.0,610.38,133.21
ORD-10001,2024-11-04,CUST-1003,Central,Online,Toys,Doll,1,33.54,0.0,33.54,-1.13
ORD-10002,2024-01-04,CUST-1097,South,Partner,Toys,Doll,2,364.88,0.05,693.27,185.88
ORD-10003,2024-02-17,CUST-1048,North,Store,Clothing,Sneakers,3,132.83,0.25,298.87,7.29
ORD-10004,2024-03-04,CUST-1118,West,Online,Office Supplies,Folder,3,647.63,0.2,1554.31,154.87
ORD-10005,2024-12-26,CUST-1008,North,Partner,Toys,Action Figure,5,709.51,0.05,3370.17,491.96
ORD-10006,2024-05-22,CUST-1058,East,Online,Furniture,Bookshelf,1,685.7,0.25,514.28,-68.23
ORD-10007,2024-11-27,CUST-1009,Central,Partner,Office Supplies,Stapler,2,539.44,0.2,863.1,343.44
ORD-10008,2024-11-23,CUST-1088,Central,Online,Furniture,Lamp,2,139.09,0.1,250.36,-4.18
ORD-10009,2024-05-17,CUST-1008,South,Partner,Office Supplies,Pen Pack,2,659.22,0.25,988.83,10.19
ORD-10010,2024-05-15,CUST-1017,South,Partner,Office Supplies,Notebook,4,322.55,0.2,1032.16,102.48
ORD-10011,2024-07-23,CUST-1046,South,Online,Toys,RC Car,3,600.14,0.1,1620.38,538.17
ORD-10012,2024-11-17,CUST-1020,West,Partner,Toys,Doll,1,607.07,0.25,455.3,-57.78
ORD-10013,2024-10-10,CUST-1110,North,Partner,Electronics,Smartwatch,4,480.75,0.1,1730.7,220.29
ORD-10014,2024-08-10,CUST-1020,West,Online,Electronics,Tablet,3,617.19,0.05,1758.99,-174.46
ORD-10015,2024-06-01,CUST-1107,Central,Partner,Office Supplies,Folder,2,411.07,0.0,822.14,234.52
ORD-10016,2024-09-28,CUST-1117,North,Partner,Furniture,Desk,3,612.38,0.15,1561.57,600.29
ORD-10017,2024-06-06,CUST-1030,North,Online,Office Supplies,Paper Ream,1,98.38,0.05,93.46,28.47
ORD-10018,2024-09-29,CUST-1098,South,Online,Toys,Puzzle,1,588.21,0.25,441.16,-67.88
ORD-10019,2024-04-18,CUST-1118,Central,Partner,Clothing,Hat,2,219.39,0.25,329.08,67.26
ORD-10020,2024-09-21,CUST-1057,North,Online,Furniture,Bookshelf,4,796.17,0.2,2547.74,116.91
ORD-10021,2024-04-22,CUST-1000,North,Partner,Furniture,Office Chair,3,26.62,0.15,67.88,-2.79
ORD-10022,2024-09-20,CUST-1030,East,Partner,Electronics,Laptop,1,725.28,0.25,543.96,11.03
ORD-10023,2024-05-04,CUST-1100,West,Store,Clothing,Jeans,5,114.53,0.15,486.75,79.09
ORD-10024,2024-08-27,CUST-1110,North,Partner,Furniture,Office Chair,1,530.6,0.05,504.07,32.79
ORD-10025,2024-05-07,CUST-1024,South,Partner,Electronics,Smartphone,4,585.29,0.25,1755.87,657.48
ORD-10026,2024-02-08,CUST-1056,Central,Online,Clothing,Jeans,4,154.96,0.1,557.86,-15.56
ORD-10027,2024-03-26,CUST-1052,West,Store,Electronics,Tablet,1,775.51,0.25,581.63,212.76
ORD-10028,2024-05-15,CUST-1118,West,Store,Furniture,Sofa,1,140.06,0.0,140.06,47.99
ORD-10029,2024-01-30,CUST-1074,Central,Online,Clothing,Hat,4,132.29,0.05,502.7,-21.77
ORD-10030,2024-09-28,CUST-1020,North,Partner,Office Supplies,Pen Pack,1,471.5,0.15,400.77,146.02
ORD-10031,2024-07-25,CUST-1015,Central,Online,Electronics,Laptop,1,480.08,0.2,384.06,134.86
ORD-10032,2024-10-16,CUST-1066,East,Store,Toys,RC Car,1,499.31,0.1,449.38,89.22
ORD-10033,2024-06-02,CUST-1058,East,Online,Furniture,Bookshelf,2,219.84,0.0,439.68,81.71
ORD-10034,2024-04-19,CUST-1064,East,Online,Electronics,Smartwatch,5,798.78,0.0,3993.9,-452.79
ORD-10035,2024-10-05,CUST-1090,East,Partner,Office Supplies,Pen Pack,2,301.93,0.0,603.86,41.72
ORD-10036,2024-03-09,CUST-1033,North,Online,Toys,Puzzle,5,246.51,0.2,986.04,-121.04
ORD-10037,2024-04-14,CUST-1087,East,Partner,Toys,Board Game,3,232.59,0.0,697.77,145.7
ORD-10038,2024-01-23,CUST-1000,East,Online,Clothing,Sneakers,1,82.92,0.1,74.63,21.95
ORD-10039,2024-02-27,CUST-1009,South,Partner,Office Supplies,Notebook,4,445.83,0.1,1604.99,232.64
ORD-10040,2024-06-06,CUST-1046,North,Store,Electronics,Headphones,5,446.49,0.1,2009.2,-192.61
ORD-10041,2024-07-27,CUST-1079,South,Online,Furniture,Desk,1,289.41,0.15,246.0,84.53
ORD-10042,2024-07-29,CUST-1102,South,Store,Furniture,Desk,4,29.58,0.2,94.66,36.94
ORD-10043,2024-04-12,CUST-1104,West,Store,Furniture,Office Chair,4,699.01,0.25,2097.03,238.63
ORD-10044,2024-05-22,CUST-1110,North,Store,Office Supplies,Notebook,2,28.69,0.0,57.38,2.82
ORD-10045,2024-01-15,CUST-1014,East,Online,Office Supplies,Folder,4,546.82,0.25,1640.46,258.33
ORD-10046,2024-06-09,CUST-1055,Central,Partner,Toys,Action Figure,1,95.64,0.1,86.08,2.18
ORD-10047,2024-01-01,CUST-1066,Central,Partner,Electronics,Smartwatch,5,160.16,0.0,800.8,163.68
ORD-10048,2024-11-15,CUST-1040,North,Partner,Furniture,Bookshelf,4,65.28,0.2,208.9,81.05
ORD-10049,2024-05-31,CUST-1070,South,Online,Office Supplies,Folder,3,536.85,0.05,1530.02,82.46
ORD-10050,2024-01-01,CUST-1038,East,Online,Clothing,Jacket,2,496.26,0.05,942.89,52.64
ORD-10051,2024-12-11,CUST-1027,Central,Store,Clothing,Hat,5,527.22,0.1,2372.49,186.88
ORD-10052,2024-02-17,CUST-1104,South,Partner,Furniture,Office Chair,3,417.21,0.2,1001.3,199.8
ORD-10053,2024-08-31,CUST-1078,North,Store,Office Supplies,Notebook,2,126.41,0.0,252.82,-6.97
ORD-10054,2024-05-04,CUST-1018,North,Online,Clothing,Hat,2,577.49,0.1,1039.48,112.25
ORD-10055,2024-01-26,CUST-1071,South,Online,Clothing,Jeans,2,645.25,0.2,1032.4,140.64
ORD-10056,2024-08-14,CUST-1078,Central,Store,Clothing,Jeans,4,537.39,0.15,1827.13,317.55
ORD-10057,2024-05-06,CUST-1107,East,Partner,Toys,Doll,2,597.49,0.1,1075.48,89.67
ORD-10058,2024-05-19,CUST-1042,East,Partner,Clothing,Jeans,3,357.5,0.2,858.0,-7.65
ORD-10059,2024-04-19,CUST-1008,West,Store,Electronics,Laptop,2,192.7,0.2,308.32,-28.36
ORD-10060,2024-07-18,CUST-1115,Central,Partner,Office Supplies,Folder,4,338.46,0.0,1353.84,360.72
ORD-10061,2024-07-18,CUST-1109,West,Partner,Electronics,Tablet,4,386.81,0.05,1469.88,-1.07
ORD-10062,2024-01-15,CUST-1049,East,Partner,Toys,RC Car,2,395.7,0.05,751.83,53.75
ORD-10063,2024-07-20,CUST-1075,Central,Partner,Clothing,Jeans,4,736.44,0.15,2503.9,344.84
ORD-10064,2024-05-13,CUST-1048,East,Online,Electronics,Smartphone,4,117.2,0.1,421.92,-27.72
ORD-10065,2024-08-03,CUST-1032,North,Store,Clothing,Sneakers,3,611.37,0.1,1650.7,-19.94
ORD-10066,2024-02-05,CUST-1099,North,Online,Electronics,Tablet,1,799.93,0.05,759.93,-30.31
ORD-10067,2024-12-08,CUST-1014,Central,Online,Furniture,Desk,1,500.86,0.0,500.86,-43.52
ORD-10068,2024-02-28,CUST-1099,South,Store,Clothing,Sneakers,3,142.55,0.15,363.5,141.92
ORD-10069,2024-07-11,CUST-1050,South,Online,Electronics,Tablet,1,743.82,0.15,632.25,140.34
ORD-10070,2024-11-03,CUST-1103,North,Partner,Toys,Board Game,1,560.78,0.05,532.74,154.3
ORD-10071,2024-11-27,CUST-1043,North,Store,Electronics,Headphones,5,348.42,0.05,1655.0,-201.25
ORD-10072,2024-08-23,CUST-1090,South,Store,Clothing,T-Shirt,4,769.02,0.2,2460.86,909.87
ORD-10073,2024-08-26,CUST-1055,Central,Store,Furniture,Lamp,3,496.57,0.15,1266.25,353.54
ORD-10074,2024-08-25,CUST-1072,Central,Partner,Office Supplies,Notebook,1,230.35,0.1,207.31,-6.47
ORD-10075,2024-04-18,CUST-1045,East,Store,Clothing,Sneakers,1,400.5,0.05,380.47,-23.66
ORD-10076,2024-02-13,CUST-1030,West,Store,Office Supplies,Folder,3,449.07,0.15,1145.13,436.54
ORD-10077,2024-01-09,CUST-1011,East,Online,Toys,Board Game,4,520.26,0.1,1872.94,154.18
ORD-10078,2024-09-28,CUST-1044,West,Partner,Clothing,Jeans,3,534.53,0.05,1523.41,138.92
ORD-10079,2024-04-28,CUST-1015,South,Store,Toys,Action Figure,3,565.26,0.05,1610.99,5.62
ORD-10080,2024-10-28,CUST-1097,Central,Partner,Electronics,Tablet,2,161.32,0.2,258.11,29.71
ORD-10081,2024-01-08,CUST-1090,Central,Online,Office Supplies,Pen Pack,2,244.03,0.05,463.66,-29.42
ORD-10082,2024-11-22,CUST-1111,West,Online,Office Supplies,Pen Pack,1,447.15,0.2,357.72,144.0
ORD-10083,2024-01-27,CUST-1032,West,Online,Electronics,Tablet,3,380.82,0.1,1028.21,23.25
ORD-10084,2024-03-18,CUST-1019,Central,Store,Electronics,Smartwatch,4,68.52,0.2,219.26,52.96
ORD-10085,2024-11-12,CUST-1028,Central,Store,Electronics,Laptop,1,450.88,0.1,405.79,69.06
ORD-10086,2024-11-13,CUST-1007,Central,Partner,Clothing,Jacket,3,689.53,0.1,1861.73,5.56
ORD-10087,2024-03-29,CUST-1070,North,Online,Electronics,Laptop,2,219.07,0.0,438.14,-31.31
ORD-10088,2024-04-28,CUST-1036,East,Partner,Electronics,Smartwatch,4,554.6,0.1,1996.56,-9.7
ORD-10089,2024-10-28,CUST-1084,South,Store,Clothing,T-Shirt,2,739.89,0.25,1109.84,363.47
ORD-10090,2024-02-06,CUST-1007,South,Store,Electronics,Tablet,2,521.63,0.05,991.1,274.71
ORD-10091,2024-12-24,CUST-1051,East,Partner,Toys,RC Car,3,356.93,0.1,963.71,208.1
ORD-10092,2024-06-14,CUST-1077,East,Online,Toys,Doll,4,73.55,0.0,294.2,86.7
ORD-10093,2024-12-10,CUST-1105,East,Partner,Electronics,Laptop,5,473.83,0.0,2369.15,828.7
ORD-10094,2024-04-02,CUST-1074,West,Partner,Electronics,Laptop,4,419.98,0.1,1511.93,517.48
ORD-10095,2024-02-23,CUST-1109,South,Store,Clothing,T-Shirt,4,284.89,0.05,1082.58,12.0
ORD-10096,2024-10-08,CUST-1004,West,Online,Clothing,Jacket,3,533.44,0.1,1440.29,410.93
ORD-10097,2024-09-20,CUST-1105,North,Partner,Office Supplies,Stapler,3,101.58,0.25,228.56,15.87
ORD-10098,2024-09-12,CUST-1080,West,Online,Toys,Doll,4,52.82,0.15,179.59,6.53
ORD-10099,2024-12-23,CUST-1062,North,Online,Furniture,Bookshelf,5,113.5,0.05,539.12,39.19
ORD-10100,2024-02-17,CUST-1028,North,Store,Toys,Board Game,2,255.49,0.0,510.98,64.45
ORD-10101,2024-05-19,CUST-1053,West,Store,Electronics,Laptop,4,746.8,0.05,2837.84,311.97
ORD-10102,2024-09-17,CUST-1095,South,Online,Furniture,Sofa,5,124.27,0.0,621.35,193.2
ORD-10103,2024-01-02,CUST-1036,East,Partner,Office Supplies,Paper Ream,3,748.06,0.15,1907.55,-36.84
ORD-10104,2024-10-09,CUST-1097,Central,Store,Toys,Doll,2,362.77,0.1,652.99,16.37
ORD-10105,2024-04-29,CUST-1109,West,Online,Clothing,Sneakers,2,784.81,0.0,1569.62,213.31
ORD-10106,2024-11-29,CUST-1019,West,Online,Office Supplies,Paper Ream,4,315.0,0.2,1008.0,310.21
ORD-10107,2024-08-13,CUST-1012,Central,Store,Furniture,Lamp,5,272.28,0.0,1361.4,390.85
ORD-10108,2024-05-15,CUST-1043,Central,Partner,Electronics,Laptop,4,698.04,0.0,2792.16,-314.36
ORD-10109,2024-06-11,CUST-1080,West,Partner,Clothing,T-Shirt,3,683.35,0.25,1537.54,239.47
ORD-10110,2024-04-26,CUST-1095,North,Store,Electronics,Tablet,1,195.47,0.2,156.38,60.69
ORD-10111,2024-01-24,CUST-1041,North,Store,Electronics,Smartphone,4,141.43,0.05,537.43,170.68
ORD-10112,2024-12-15,CUST-1101,South,Online,Office Supplies,Stapler,4,125.0,0.15,425.0,28.01
ORD-10113,2024-09-11,CUST-1116,Central,Online,Furniture,Office Chair,5,697.96,0.15,2966.33,668.53
ORD-10114,2024-08-26,CUST-1115,East,Partner,Furniture,Sofa,3,373.06,0.2,895.34,-162.62
ORD-10115,2024-06-02,CUST-1081,West,Partner,Toys,Board Game,1,358.97,0.05,341.02,123.42
ORD-10116,2024-02-24,CUST-1030,West,Partner,Office Supplies,Paper Ream,3,167.38,0.1,451.93,138.93
ORD-10117,2024-12-03,CUST-1050,East,Online,Office Supplies,Folder,3,794.23,0.05,2263.56,-331.27
ORD-10118,2024-05-26,CUST-1099,South,Partner,Toys,Puzzle,5,598.69,0.25,2245.09,904.25
ORD-10119,2024-12-03,CUST-1087,South,Partner,Office Supplies,Notebook,2,500.5,0.2,800.8,228.02
ORD-10120,2024-03-08,CUST-1011,East,Store,Electronics,Smartphone,3,633.0,0.0,1899.0,265.46
ORD-10121,2024-07-06,CUST-1067,Central,Store,Clothing,Jeans,2,114.41,0.15,194.5,65.95
ORD-10122,2024-06-22,CUST-1102,North,Store,Furniture,Bookshelf,4,774.23,0.05,2942.07,691.48
ORD-10123,2024-07-22,CUST-1108,Central,Store,Electronics,Laptop,2,689.51,0.2,1103.22,258.16
ORD-10124,2024-12-10,CUST-1095,East,Partner,Electronics,Smartwatch,1,218.92,0.0,218.92,16.94
ORD-10125,2024-10-14,CUST-1041,Central,Online,Clothing,Sneakers,1,543.12,0.1,488.81,-74.67
ORD-10126,2024-01-20,CUST-1038,West,Online,Electronics,Smartwatch,3,522.9,0.0,1568.7,-125.67
ORD-10127,2024-12-22,CUST-1069,West,Partner,Electronics,Laptop,5,117.17,0.1,527.26,20.8
ORD-10128,2024-05-23,CUST-1004,East,Online,Furniture,Sofa,1,668.62,0.15,568.33,36.14
ORD-10129,2024-07-07,CUST-1069,East,Online,Clothing,Jacket,2,685.81,0.0,1371.62,466.99
ORD-10130,2024-02-16,CUST-1084,South,Partner,Clothing,Sneakers,2,774.88,0.25,1162.32,406.19
ORD-10131,2024-10-16,CUST-1026,North,Partner,Toys,Puzzle,1,631.57,0.0,631.57,217.52
ORD-10132,2024-03-16,CUST-1100,Central,Online,Furniture,Lamp,2,652.31,0.0,1304.62,18.63
ORD-10133,2024-12-04,CUST-1110,North,Online,Office Supplies,Notebook,2,436.77,0.25,655.15,-54.82
ORD-10134,2024-01-27,CUST-1016,West,Partner,Electronics,Headphones,2,475.19,0.0,950.38,-59.76
ORD-10135,2024-02-25,CUST-1057,Central,Online,Electronics,Smartphone,4,364.14,0.05,1383.73,155.3
ORD-10136,2024-02-01,CUST-1061,West,Store,Toys,Puzzle,5,248.29,0.2,993.16,412.18
ORD-10137,2024-03-16,CUST-1008,South,Store,Electronics,Smartwatch,4,68.06,0.0,272.24,3.01
ORD-10138,2024-09-28,CUST-1037,West,Partner,Toys,RC Car,5,572.6,0.1,2576.7,994.36
ORD-10139,2024-11-29,CUST-1112,Central,Partner,Toys,Doll,1,636.55,0.0,636.55,175.94
ORD-10140,2024-08-20,CUST-1051,West,Partner,Furniture,Sofa,4,711.59,0.1,2561.72,55.41
ORD-10141,2024-03-19,CUST-1087,West,Online,Electronics,Headphones,4,256.89,0.05,976.18,38.17
ORD-10142,2024-03-07,CUST-1071,North,Partner,Electronics,Smartphone,1,351.18,0.2,280.94,77.05
ORD-10143,2024-12-06,CUST-1096,West,Partner,Toys,RC Car,3,539.31,0.1,1456.14,43.36
ORD-10144,2024-04-18,CUST-1019,West,Online,Electronics,Headphones,5,256.83,0.0,1284.15,178.44
ORD-10145,2024-04-25,CUST-1103,West,Partner,Electronics,Headphones,5,300.37,0.25,1126.39,-16.09
ORD-10146,2024-05-16,CUST-1003,South,Store,Toys,RC Car,5,30.74,0.2,122.96,40.69
ORD-10147,2024-12-02,CUST-1051,North,Online,Office Supplies,Stapler,3,14.82,0.25,33.34,-3.48
ORD-10148,2024-03-21,CUST-1047,East,Partner,Electronics,Smartphone,5,179.95,0.1,809.77,69.12
ORD-10149,2024-11-12,CUST-1006,North,Store,Office Supplies,Folder,5,77.12,0.0,385.6,-27.84
ORD-10150,2024-09-19,CUST-1014,East,Store,Clothing,Jacket,4,489.59,0.1,1762.52,-26.27
ORD-10151,2024-04-22,CUST-1050,Central,Online,Electronics,Headphones,5,394.44,0.2,1577.76,8.3
ORD-10152,2024-05-10,CUST-1037,East,Online,Electronics,Laptop,3,756.81,0.25,1702.82,-184.77
ORD-10153,2024-04-27,CUST-1064,Central,Partner,Electronics,Smartwatch,4,148.8,0.1,535.68,69.22
ORD-10154,2024-08-23,CUST-1117,North,Store,Office Supplies,Pen Pack,4,690.79,0.0,2763.16,188.2
ORD-10155,2024-02-28,CUST-1051,North,Store,Toys,Doll,5,329.49,0.2,1317.96,96.95
ORD-10156,2024-02-24,CUST-1031,West,Partner,Furniture,Lamp,4,667.3,0.05,2535.74,-282.76
ORD-10157,2024-04-23,CUST-1042,South,Online,Clothing,Hat,1,322.66,0.05,306.53,71.92
ORD-10158,2024-11-26,CUST-1104,South,Online,Toys,Puzzle,5,412.86,0.25,1548.23,50.96
ORD-10159,2024-12-01,CUST-1009,South,Partner,Electronics,Laptop,3,165.84,0.15,422.89,-36.6
ORD-10160,2024-10-16,CUST-1082,Central,Store,Clothing,Jacket,5,610.3,0.1,2746.35,581.51
ORD-10161,2024-05-20,CUST-1075,North,Store,Office Supplies,Notebook,4,63.95,0.1,230.22,42.38
ORD-10162,2024-05-26,CUST-1009,North,Partner,Toys,Puzzle,3,374.78,0.0,1124.34,-136.67
ORD-10163,2024-01-22,CUST-1057,Central,Partner,Toys,RC Car,4,375.54,0.15,1276.84,491.38
ORD-10164,2024-08-18,CUST-1013,East,Partner,Furniture,Bookshelf,5,385.75,0.0,1928.75,634.29
ORD-10165,2024-08-12,CUST-1067,Central,Partner,Electronics,Tablet,2,40.92,0.2,65.47,5.64
ORD-10166,2024-06-22,CUST-1086,Central,Online,Furniture,Bookshelf,3,735.17,0.1,1984.96,119.95
ORD-10167,2024-05-09,CUST-1092,Central,Online,Office Supplies,Pen Pack,3,84.66,0.2,203.18,10.99
ORD-10168,2024-12-01,CUST-1089,West,Online,Office Supplies,Pen Pack,5,534.25,0.05,2537.69,13.67
ORD-10169,2024-03-06,CUST-1085,Central,Online,Toys,Puzzle,3,451.55,0.2,1083.72,333.01
ORD-10170,2024-04-19,CUST-1043,West,Online,Clothing,Hat,3,24.4,0.05,69.54,-4.38
ORD-10171,2024-09-16,CUST-1098,Central,Partner,Furniture,Desk,2,70.96,0.25,106.44,34.64
ORD-10172,2024-07-11,CUST-1019,South,Online,Toys,Puzzle,3,702.35,0.15,1790.99,-177.99
ORD-10173,2024-05-01,CUST-1056,Central,Store,Toys,Board Game,4,44.52,0.05,169.18,33.51
ORD-10174,2024-04-09,CUST-1047,Central,Store,Clothing,Jeans,5,198.94,0.25,746.03,240.9
ORD-10175,2024-04-12,CUST-1102,Central,Online,Clothing,Sneakers,4,407.3,0.1,1466.28,542.74
ORD-10176,2024-12-30,CUST-1108,Central,Online,Office Supplies,Pen Pack,4,700.55,0.15,2381.87,888.71
ORD-10177,2024-08-11,CUST-1011,South,Store,Office Supplies,Pen Pack,2,225.51,0.15,383.37,-34.42
ORD-10178,2024-07-16,CUST-1010,East,Online,Office Supplies,Pen Pack,4,52.07,0.15,177.04,7.7
ORD-10179,2024-03-15,CUST-1017,North,Store,Electronics,Headphones,1,672.95,0.2,538.36,11.87
ORD-10180,2024-01-10,CUST-1032,South,Online,Clothing,Jeans,4,364.4,0.0,1457.6,441.55
ORD-10181,2024-06-03,CUST-1015,North,Online,Toys,RC Car,5,344.37,0.25,1291.39,-10.24
ORD-10182,2024-11-01,CUST-1068,North,Partner,Clothing,Hat,4,59.62,0.25,178.86,72.16
ORD-10183,2024-11-10,CUST-1045,South,Partner,Toys,RC Car,2,577.65,0.05,1097.53,74.65
ORD-10184,2024-09-26,CUST-1069,Central,Partner,Clothing,Jeans,1,423.55,0.05,402.37,-49.2
ORD-10185,2024-07-10,CUST-1032,North,Store,Toys,Puzzle,4,699.93,0.0,2799.72,469.89
ORD-10186,2024-10-24,CUST-1094,East,Online,Electronics,Headphones,2,589.02,0.2,942.43,-115.65
ORD-10187,2024-12-16,CUST-1059,West,Partner,Electronics,Headphones,5,277.45,0.2,1109.8,-86.64
ORD-10188,2024-04-13,CUST-1005,South,Online,Furniture,Desk,1,575.68,0.1,518.11,-75.71
ORD-10189,2024-05-09,CUST-1004,South,Store,Office Supplies,Stapler,5,324.6,0.25,1217.25,197.22
ORD-10190,2024-07-23,CUST-1095,West,Store,Office Supplies,Pen Pack,3,225.84,0.25,508.14,23.04
ORD-10191,2024-09-22,CUST-1034,North,Partner,Office Supplies,Notebook,4,556.73,0.05,2115.57,695.14
ORD-10192,2024-05-30,CUST-1041,North,Online,Clothing,T-Shirt,4,485.94,0.25,1457.82,-116.18
ORD-10193,2024-12-19,CUST-1056,East,Store,Office Supplies,Stapler,3,362.27,0.2,869.45,68.53
ORD-10194,2024-01-30,CUST-1009,West,Store,Electronics,Headphones,5,798.54,0.05,3793.06,677.7
ORD-10195,2024-08-12,CUST-1004,South,Online,Toys,Board Game,1,122.8,0.15,104.38,23.21
ORD-10196,2024-03-19,CUST-1086,West,Store,Furniture,Bookshelf,3,312.45,0.15,796.75,-125.42
ORD-10197,2024-06-09,CUST-1083,East,Online,Office Supplies,Paper Ream,1,463.4,0.15,393.89,15.51
ORD-10198,2024-03-01,CUST-1033,East,Partner,Electronics,Smartphone,2,404.24,0.1,727.63,248.02
ORD-10199,2024-03-10,CUST-1109,North,Store,Clothing,Jeans,5,235.61,0.1,1060.25,-58.8
ORD-10200,2024-12-07,CUST-1044,North,Partner,Furniture,Sofa,1,650.31,0.25,487.73,223.24
ORD-10201,2024-12-24,CUST-1081,South,Store,Toys,Action Figure,3,682.58,0.2,1638.19,419.34
ORD-10202,2024-09-09,CUST-1003,East,Partner,Toys,Board Game,1,788.25,0.25,591.19,-63.5
ORD-10203,2024-02-14,CUST-1008,East,Store,Toys,Action Figure,4,644.89,0.15,2192.63,-219.56
ORD-10204,2024-03-05,CUST-1040,North,Store,Clothing,Hat,4,617.64,0.25,1852.92,339.58
ORD-10205,2024-11-23,CUST-1075,South,Online,Clothing,Hat,3,111.38,0.25,250.6,80.24
ORD-10206,2024-03-25,CUST-1020,East,Partner,Clothing,Hat,1,666.8,0.15,566.78,-49.0
ORD-10207,2024-04-10,CUST-1081,Central,Store,Furniture,Bookshelf,5,716.99,0.25,2688.71,-396.39
ORD-10208,2024-10-30,CUST-1074,South,Online,Furniture,Bookshelf,5,431.45,0.15,1833.66,367.8
ORD-10209,2024-01-15,CUST-1010,North,Partner,Toys,RC Car,3,675.6,0.15,1722.78,-262.27
ORD-10210,2024-01-16,CUST-1063,Central,Store,Toys,Action Figure,2,615.9,0.1,1108.62,195.92
ORD-10211,2024-08-20,CUST-1009,North,Online,Office Supplies,Paper Ream,2,645.7,0.2,1033.12,68.5
ORD-10212,2024-06-09,CUST-1110,East,Partner,Clothing,Jacket,4,376.91,0.05,1432.26,231.17
ORD-10213,2024-06-12,CUST-1030,West,Online,Office Supplies,Paper Ream,2,610.93,0.15,1038.58,159.85
ORD-10214,2024-07-15,CUST-1110,Central,Store,Office Supplies,Paper Ream,2,121.29,0.0,242.58,-1.19
ORD-10215,2024-03-22,CUST-1063,Central,Store,Furniture,Desk,3,747.66,0.2,1794.38,14.26
ORD-10216,2024-05-03,CUST-1027,Central,Store,Clothing,Sneakers,4,28.31,0.1,101.92,11.63
ORD-10217,2024-08-28,CUST-1036,Central,Online,Electronics,Smartphone,3,400.97,0.25,902.18,213.07
ORD-10218,2024-07-25,CUST-1046,North,Store,Electronics,Smartwatch,2,707.14,0.2,1131.42,46.51
ORD-10219,2024-07-16,CUST-1064,West,Partner,Electronics,Tablet,5,163.78,0.15,696.06,-4.67
ORD-10220,2024-06-22,CUST-1071,East,Online,Office Supplies,Folder,5,103.86,0.0,519.3,24.38
ORD-10221,2024-03-11,CUST-1091,East,Store,Furniture,Lamp,5,327.1,0.0,1635.5,-208.28
ORD-10222,2024-11-09,CUST-1040,South,Store,Toys,Doll,2,488.95,0.15,831.21,-78.34
ORD-10223,2024-09-07,CUST-1090,Central,Store,Toys,Action Figure,5,275.74,0.25,1034.03,144.57
ORD-10224,2024-10-25,CUST-1039,North,Partner,Clothing,T-Shirt,3,271.68,0.0,815.04,277.07
ORD-10225,2024-09-02,CUST-1021,Central,Partner,Clothing,Sneakers,5,466.33,0.2,1865.32,-289.88
ORD-10226,2024-12-24,CUST-1014,South,Online,Toys,Doll,2,659.11,0.0,1318.22,-176.92
ORD-10227,2024-09-13,CUST-1099,Central,Store,Clothing,Sneakers,4,129.63,0.2,414.82,-24.92
ORD-10228,2024-09-01,CUST-1067,West,Store,Electronics,Laptop,5,173.8,0.05,825.55,303.33
ORD-10229,2024-12-14,CUST-1082,East,Partner,Furniture,Sofa,5,280.44,0.05,1332.09,263.52
ORD-10230,2024-06-01,CUST-1098,East,Partner,Clothing,Jeans,2,230.42,0.05,437.8,-17.31
ORD-10231,2024-05-20,CUST-1036,North,Partner,Furniture,Sofa,3,389.04,0.15,992.05,369.8
ORD-10232,2024-05-28,CUST-1005,East,Partner,Toys,Doll,4,656.52,0.25,1969.56,662.58
ORD-10233,2024-04-13,CUST-1105,Central,Store,Electronics,Headphones,4,528.22,0.2,1690.3,189.19
ORD-10234,2024-05-04,CUST-1006,Central,Online,Toys,Action Figure,2,96.29,0.2,154.06,27.62
ORD-10235,2024-12-14,CUST-1098,South,Online,Furniture,Office Chair,1,336.51,0.2,269.21,29.01
ORD-10236,2024-04-12,CUST-1096,East,Store,Toys,Board Game,4,525.79,0.1,1892.84,186.6
ORD-10237,2024-01-20,CUST-1116,South,Store,Office Supplies,Pen Pack,1,525.32,0.0,525.32,61.77
ORD-10238,2024-05-28,CUST-1112,North,Online,Furniture,Office Chair,4,632.49,0.0,2529.96,805.3
ORD-10239,2024-11-24,CUST-1069,Central,Store,Office Supplies,Folder,5,94.77,0.05,450.16,-3.66
ORD-10240,2024-03-24,CUST-1093,West,Partner,Furniture,Lamp,4,225.54,0.25,676.62,-84.51
ORD-10241,2024-12-11,CUST-1096,South,Online,Office Supplies,Notebook,1,591.93,0.25,443.95,-1.47
ORD-10242,2024-02-18,CUST-1023,South,Store,Toys,Doll,4,417.07,0.0,1668.28,84.11
ORD-10243,2024-05-16,CUST-1042,East,Partner,Office Supplies,Notebook,1,216.02,0.0,216.02,15.85
ORD-10244,2024-12-07,CUST-1015,West,Store,Toys,Puzzle,3,526.41,0.2,1263.38,-50.3
ORD-10245,2024-12-19,CUST-1015,East,Store,Furniture,Sofa,5,739.25,0.2,2957.0,868.32
ORD-10246,2024-11-06,CUST-1047,West,Partner,Toys,Board Game,2,766.31,0.1,1379.36,-112.51
ORD-10247,2024-05-06,CUST-1087,Central,Online,Toys,Doll,5,643.58,0.25,2413.43,-131.27
ORD-10248,2024-02-27,CUST-1007,Central,Partner,Toys,Doll,5,565.98,0.0,2829.9,873.37
ORD-10249,2024-08-14,CUST-1014,South,Partner,Furniture,Lamp,5,128.38,0.05,609.8,177.96
ORD-10250,2024-08-20,CUST-1016,Central,Store,Toys,Doll,1,720.12,0.1,648.11,183.16
ORD-10251,2024-01-12,CUST-1050,East,Online,Clothing,Hat,1,451.45,0.2,361.16,114.42
ORD-10252,2024-10-04,CUST-1007,North,Store,Furniture,Lamp,1,45.78,0.05,43.49,9.16
ORD-10253,2024-11-26,CUST-1053,East,Store,Electronics,Headphones,4,152.19,0.0,608.76,141.79
ORD-10254,2024-03-09,CUST-1083,East,Online,Clothing,Jacket,4,73.4,0.2,234.88,84.34
ORD-10255,2024-01-02,CUST-1096,North,Store,Furniture,Lamp,4,427.79,0.2,1368.93,580.7
ORD-10256,2024-08-23,CUST-1044,South,Store,Clothing,Hat,4,430.23,0.25,1290.69,-60.52
ORD-10257,2024-01-09,CUST-1030,South,Online,Furniture,Office Chair,1,649.49,0.1,584.54,102.27
ORD-10258,2024-01-25,CUST-1031,North,Store,Electronics,Tablet,1,362.69,0.2,290.15,73.13
ORD-10259,2024-03-12,CUST-1064,East,Online,Clothing,Jeans,5,181.64,0.25,681.15,216.18
ORD-10260,2024-05-01,CUST-1038,South,Partner,Toys,Action Figure,5,482.35,0.2,1929.4,625.1
ORD-10261,2024-10-29,CUST-1112,South,Partner,Toys,Board Game,4,247.4,0.0,989.6,127.02
ORD-10262,2024-12-09,CUST-1048,Central,Store,Clothing,Hat,4,47.04,0.05,178.75,60.36
ORD-10263,2024-08-30,CUST-1030,South,Store,Clothing,Jacket,2,246.91,0.0,493.82,112.2
ORD-10264,2024-03-09,CUST-1049,South,Store,Furniture,Sofa,1,454.28,0.1,408.85,58.44
ORD-10265,2024-10-01,CUST-1092,South,Online,Furniture,Bookshelf,1,738.56,0.25,553.92,26.25
ORD-10266,2024-10-27,CUST-1092,Central,Online,Office Supplies,Paper Ream,5,486.31,0.25,1823.66,-276.24
ORD-10267,2024-04-07,CUST-1094,North,Partner,Clothing,Jeans,3,249.52,0.0,748.56,-33.01
ORD-10268,2024-10-09,CUST-1041,East,Store,Clothing,Jeans,5,565.98,0.1,2546.91,870.37
ORD-10269,2024-09-11,CUST-1059,North,Partner,Clothing,Hat,3,253.65,0.05,722.9,80.97
ORD-10270,2024-04-23,CUST-1094,South,Online,Clothing,Sneakers,2,302.86,0.1,545.15,-77.01
ORD-10271,2024-04-10,CUST-1042,South,Store,Office Supplies,Folder,5,467.52,0.1,2103.84,-5.62
ORD-10272,2024-09-07,CUST-1092,West,Store,Toys,Board Game,4,445.01,0.2,1424.03,33.43
ORD-10273,2024-10-04,CUST-1082,North,Partner,Furniture,Bookshelf,2,120.57,0.15,204.97,22.71
ORD-10274,2024-11-18,CUST-1029,North,Partner,Electronics,Smartphone,1,613.83,0.1,552.45,-49.88
ORD-10275,2024-11-22,CUST-1085,Central,Store,Furniture,Office Chair,2,409.53,0.05,778.11,-98.1
ORD-10276,2024-09-28,CUST-1092,East,Partner,Clothing,T-Shirt,1,430.45,0.1,387.4,-62.02
ORD-10277,2024-04-01,CUST-1013,North,Partner,Office Supplies,Pen Pack,5,652.39,0.2,2609.56,212.96
ORD-10278,2024-05-16,CUST-1101,West,Online,Furniture,Desk,2,499.63,0.05,949.3,257.42
ORD-10279,2024-12-16,CUST-1105,North,Partner,Office Supplies,Paper Ream,4,456.35,0.2,1460.32,-67.67
ORD-10280,2024-11-22,CUST-1001,South,Online,Electronics,Smartphone,4,309.62,0.15,1052.71,108.99
ORD-10281,2024-09-27,CUST-1117,North,Online,Clothing,Jacket,3,457.03,0.25,1028.32,461.95
ORD-10282,2024-05-23,CUST-1115,Central,Partner,Furniture,Lamp,4,224.17,0.0,896.68,172.35
ORD-10283,2024-12-30,CUST-1105,West,Online,Electronics,Laptop,3,22.37,0.0,67.11,9.63
ORD-10284,2024-12-12,CUST-1114,Central,Store,Office Supplies,Notebook,5,199.97,0.25,749.89,274.68
ORD-10285,2024-08-11,CUST-1029,North,Store,Clothing,Jeans,1,405.63,0.05,385.35,-49.95
ORD-10286,2024-11-20,CUST-1034,West,Store,Toys,RC Car,5,323.4,0.25,1212.75,21.33
ORD-10287,2024-10-26,CUST-1084,West,Online,Furniture,Bookshelf,5,753.5,0.1,3390.75,-215.24
ORD-10288,2024-07-13,CUST-1091,South,Partner,Toys,Action Figure,2,573.36,0.0,1146.72,-18.36
ORD-10289,2024-08-15,CUST-1046,East,Online,Clothing,Sneakers,3,94.18,0.0,282.54,90.83
ORD-10290,2024-07-27,CUST-1013,North,Online,Furniture,Office Chair,2,350.47,0.15,595.8,89.28
ORD-10291,2024-07-16,CUST-1001,East,Store,Office Supplies,Folder,1,481.57,0.25,361.18,5.88
ORD-10292,2024-03-27,CUST-1087,West,Online,Clothing,T-Shirt,5,725.11,0.0,3625.55,493.0
ORD-10293,2024-08-10,CUST-1035,West,Store,Furniture,Bookshelf,3,222.04,0.0,666.12,-78.85
ORD-10294,2024-09-10,CUST-1076,Central,Online,Clothing,T-Shirt,3,208.84,0.0,626.52,131.85
ORD-10295,2024-11-13,CUST-1048,East,Store,Clothing,T-Shirt,2,250.68,0.1,451.22,8.08
ORD-10296,2024-12-21,CUST-1025,West,Store,Office Supplies,Paper Ream,5,117.54,0.05,558.32,89.1
ORD-10297,2024-10-21,CUST-1100,South,Store,Furniture,Sofa,3,240.24,0.2,576.58,119.96
ORD-10298,2024-10-06,CUST-1023,Central,Online,Clothing,Sneakers,4,298.36,0.15,1014.42,-59.79
ORD-10299,2024-07-28,CUST-1086,West,Online,Clothing,Jeans,4,640.17,0.25,1920.51,502.96
ORD-10300,2024-07-12,CUST-1009,West,Partner,Office Supplies,Notebook,3,530.34,0.2,1272.82,97.95
ORD-10301,2024-10-05,CUST-1004,East,Partner,Clothing,Hat,4,432.15,0.25,1296.45,338.55
ORD-10302,2024-06-30,CUST-1021,Central,Online,Toys,RC Car,1,96.4,0.0,96.4,17.24
ORD-10303,2024-02-20,CUST-1033,South,Partner,Toys,Doll,3,772.92,0.1,2086.88,-224.98
ORD-10304,2024-07-19,CUST-1059,Central,Partner,Toys,RC Car,5,553.25,0.0,2766.25,201.63
ORD-10305,2024-07-31,CUST-1117,North,Online,Toys,Board Game,3,798.19,0.1,2155.11,-234.01
ORD-10306,2024-09-04,CUST-1044,West,Online,Furniture,Bookshelf,3,281.02,0.25,632.29,-39.26
ORD-10307,2024-02-28,CUST-1002,East,Partner,Clothing,Jacket,3,63.07,0.0,189.21,48.27
ORD-10308,2024-10-13,CUST-1054,West,Online,Electronics,Laptop,2,417.64,0.15,709.99,-58.41
ORD-10309,2024-11-10,CUST-1113,South,Store,Clothing,Jeans,2,515.98,0.1,928.76,49.32
ORD-10310,2024-12-26,CUST-1103,North,Partner,Toys,Doll,4,13.52,0.0,54.08,-2.55
ORD-10311,2024-05-14,CUST-1085,West,Partner,Electronics,Tablet,2,298.98,0.0,597.96,47.1
ORD-10312,2024-06-29,CUST-1108,West,Partner,Office Supplies,Folder,4,492.93,0.15,1675.96,-183.14
ORD-10313,2024-03-01,CUST-1030,East,Online,Furniture,Bookshelf,5,476.23,0.2,1904.92,-197.7
ORD-10314,2024-10-21,CUST-1049,West,Online,Furniture,Bookshelf,2,413.55,0.1,744.39,122.59
ORD-10315,2024-04-05,CUST-1040,West,Partner,Clothing,Hat,2,448.38,0.1,807.08,-5.01
ORD-10316,2024-10-14,CUST-1064,West,Store,Electronics,Headphones,1,392.84,0.0,392.84,101.2
ORD-10317,2024-04-22,CUST-1037,North,Store,Clothing,Jacket,4,396.07,0.0,1584.28,210.23
ORD-10318,2024-09-10,CUST-1070,Central,Online,Furniture,Lamp,3,142.89,0.1,385.8,56.94
ORD-10319,2024-10-04,CUST-1105,North,Partner,Toys,Puzzle,3,622.34,0.25,1400.26,644.96
ORD-10320,2024-11-30,CUST-1096,South,Store,Clothing,Hat,2,791.92,0.0,1583.84,345.27
ORD-10321,2024-03-01,CUST-1099,South,Online,Electronics,Smartwatch,3,285.38,0.25,642.11,-91.19
ORD-10322,2024-04-15,CUST-1104,South,Online,Toys,Action Figure,5,509.89,0.0,2549.45,403.01
ORD-10323,2024-12-26,CUST-1037,East,Partner,Toys,Action Figure,5,232.06,0.15,986.25,-76.36
ORD-10324,2024-01-31,CUST-1035,South,Partner,Office Supplies,Folder,1,117.12,0.25,87.84,28.44
ORD-10325,2024-12-12,CUST-1050,West,Online,Furniture,Desk,2,572.0,0.25,858.0,-30.0
ORD-10326,2024-02-17,CUST-1051,Central,Partner,Toys,Action Figure,4,306.39,0.0,1225.56,204.44
ORD-10327,2024-02-17,CUST-1093,West,Partner,Office Supplies,Stapler,4,760.7,0.05,2890.66,428.97
ORD-10328,2024-09-10,CUST-1034,East,Store,Office Supplies,Pen Pack,5,324.2,0.1,1458.9,425.39
ORD-10329,2024-06-24,CUST-1114,North,Online,Office Supplies,Folder,5,113.17,0.25,424.39,52.44
ORD-10330,2024-08-21,CUST-1000,West,Online,Electronics,Smartwatch,1,108.15,0.25,81.11,-7.68
ORD-10331,2024-07-03,CUST-1032,North,Store,Furniture,Bookshelf,2,700.79,0.05,1331.5,-144.83
ORD-10332,2024-04-29,CUST-1054,North,Partner,Furniture,Office Chair,4,504.23,0.2,1613.54,402.82
ORD-10333,2024-09-22,CUST-1087,West,Online,Electronics,Smartphone,2,386.68,0.0,773.36,113.56
ORD-10334,2024-09-01,CUST-1009,South,Store,Electronics,Headphones,1,790.64,0.1,711.58,155.77
ORD-10335,2024-03-09,CUST-1082,South,Online,Electronics,Smartphone,1,257.55,0.05,244.67,-20.97
ORD-10336,2024-04-19,CUST-1080,South,Store,Toys,RC Car,1,492.15,0.0,492.15,34.47
ORD-10337,2024-03-04,CUST-1075,West,Store,Toys,Doll,2,78.48,0.0,156.96,-12.56
ORD-10338,2024-10-10,CUST-1076,Central,Partner,Clothing,Sneakers,2,205.75,0.2,329.2,-44.39
ORD-10339,2024-04-15,CUST-1066,Central,Partner,Toys,Action Figure,1,679.83,0.2,543.86,195.73
ORD-10340,2024-05-02,CUST-1063,West,Online,Furniture,Sofa,3,520.47,0.25,1171.06,466.79
ORD-10341,2024-06-11,CUST-1016,West,Partner,Furniture,Sofa,5,66.1,0.0,330.5,113.51
ORD-10342,2024-02-07,CUST-1002,Central,Online,Clothing,Sneakers,5,549.52,0.25,2060.7,234.94
ORD-10343,2024-07-22,CUST-1064,East,Partner,Electronics,Headphones,2,41.46,0.0,82.92,26.89
ORD-10344,2024-10-02,CUST-1078,South,Store,Toys,Doll,4,564.43,0.0,2257.72,384.42
ORD-10345,2024-03-20,CUST-1068,East,Store,Electronics,Headphones,1,413.93,0.0,413.93,139.56
ORD-10346,2024-05-02,CUST-1007,South,Online,Toys,Puzzle,3,561.95,0.2,1348.68,550.79
ORD-10347,2024-12-02,CUST-1094,South,Online,Clothing,T-Shirt,4,493.71,0.0,1974.84,9.17
ORD-10348,2024-05-12,CUST-1021,East,Online,Electronics,Laptop,1,139.43,0.05,132.46,15.55
ORD-10349,2024-02-02,CUST-1033,Central,Partner,Office Supplies,Pen Pack,1,274.66,0.1,247.19,-3.85
ORD-10350,2024-10-17,CUST-1021,East,Online,Electronics,Smartwatch,4,413.52,0.0,1654.08,165.09
ORD-10351,2024-09-17,CUST-1000,North,Online,Office Supplies,Pen Pack,5,542.56,0.0,2712.8,-97.11
ORD-10352,2024-01-19,CUST-1070,West,Online,Furniture,Office Chair,4,297.54,0.0,1190.16,-72.03
ORD-10353,2024-02-09,CUST-1073,East,Online,Office Supplies,Notebook,4,733.53,0.05,2787.41,-42.17
ORD-10354,2024-07-24,CUST-1008,West,Store,Toys,Puzzle,2,186.32,0.15,316.74,126.96
ORD-10355,2024-05-29,CUST-1072,East,Partner,Office Supplies,Stapler,1,446.94,0.0,446.94,15.4
ORD-10356,2024-04-10,CUST-1093,Central,Online,Toys,Board Game,4,300.94,0.1,1083.38,419.98
ORD-10357,2024-12-21,CUST-1112,North,Store,Furniture,Office Chair,4,28.89,0.15,98.23,2.68
ORD-10358,2024-08-02,CUST-1062,North,Online,Electronics,Smartwatch,3,92.12,0.15,234.91,94.39
ORD-10359,2024-12-24,CUST-1114,East,Store,Office Supplies,Pen Pack,1,737.81,0.25,553.36,81.07
ORD-10360,2024-02-08,CUST-1075,Central,Online,Electronics,Tablet,1,409.29,0.2,327.43,106.41
ORD-10361,2024-07-20,CUST-1089,East,Store,Clothing,Jeans,2,240.42,0.25,360.63,3.61
ORD-10362,2024-10-26,CUST-1013,South,Online,Clothing,Sneakers,2,69.0,0.0,138.0,-11.31
ORD-10363,2024-04-16,CUST-1057,East,Store,Furniture,Sofa,4,258.09,0.0,1032.36,121.78
ORD-10364,2024-12-26,CUST-1089,Central,Online,Office Supplies,Pen Pack,1,134.52,0.2,107.62,0.28
ORD-10365,2024-07-21,CUST-1065,North,Partner,Furniture,Bookshelf,2,82.06,0.0,164.12,54.85
ORD-10366,2024-10-11,CUST-1095,Central,Online,Office Supplies,Stapler,2,34.55,0.1,62.19,19.16
ORD-10367,2024-02-01,CUST-1106,South,Online,Electronics,Smartwatch,1,645.08,0.0,645.08,-57.59
ORD-10368,2024-10-27,CUST-1033,North,Online,Furniture,Sofa,3,552.17,0.2,1325.21,-178.87
ORD-10369,2024-06-18,CUST-1015,North,Store,Electronics,Laptop,4,649.35,0.0,2597.4,785.81
ORD-10370,2024-01-16,CUST-1048,West,Online,Electronics,Laptop,5,352.19,0.2,1408.76,83.64
ORD-10371,2024-01-18,CUST-1078,Central,Partner,Office Supplies,Notebook,2,227.24,0.1,409.03,132.58
ORD-10372,2024-02-14,CUST-1035,West,Online,Furniture,Bookshelf,4,335.47,0.15,1140.6,120.12
ORD-10373,2024-01-10,CUST-1048,East,Store,Clothing,Jeans,5,206.83,0.25,775.61,125.99
ORD-10374,2024-05-18,CUST-1023,North,Store,Toys,Doll,3,731.01,0.15,1864.08,23.69
ORD-10375,2024-08-29,CUST-1067,East,Partner,Toys,Board Game,1,717.65,0.25,538.24,-6.84
ORD-10376,2024-01-29,CUST-1097,South,Partner,Furniture,Desk,1,205.81,0.0,205.81,-3.44
ORD-10377,2024-12-23,CUST-1045,Central,Online,Clothing,Sneakers,2,149.12,0.15,253.5,2.68
ORD-10378,2024-09-09,CUST-1069,East,Online,Office Supplies,Folder,5,122.26,0.0,611.3,164.04
ORD-10379,2024-09-26,CUST-1061,North,Store,Clothing,T-Shirt,1,54.37,0.15,46.21,-2.21
ORD-10380,2024-06-14,CUST-1007,North,Online,Toys,Board Game,2,279.2,0.0,558.4,172.76
ORD-10381,2024-02-07,CUST-1047,West,Partner,Toys,Board Game,1,678.72,0.25,509.04,22.02
ORD-10382,2024-08-11,CUST-1101,West,Partner,Electronics,Headphones,3,264.86,0.0,794.58,171.77
ORD-10383,2024-04-24,CUST-1085,Central,Online,Office Supplies,Notebook,5,557.91,0.15,2371.12,679.24
ORD-10384,2024-12-25,CUST-1073,West,Partner,Clothing,Sneakers,3,110.61,0.2,265.46,-49.48
ORD-10385,2024-04-23,CUST-1081,Central,Online,Electronics,Laptop,5,261.39,0.25,980.21,436.22
ORD-10386,2024-06-12,CUST-1021,North,Partner,Clothing,Jeans,3,598.82,0.0,1796.46,42.05
ORD-10387,2024-06-28,CUST-1032,North,Partner,Office Supplies,Paper Ream,1,219.52,0.0,219.52,43.16
ORD-10388,2024-07-30,CUST-1063,West,Store,Electronics,Smartphone,4,356.19,0.1,1282.28,476.65
ORD-10389,2024-11-29,CUST-1097,South,Online,Toys,Doll,1,664.76,0.25,498.57,187.48
ORD-10390,2024-02-23,CUST-1009,East,Online,Clothing,T-Shirt,1,242.98,0.05,230.83,-4.72
ORD-10391,2024-11-10,CUST-1114,West,Partner,Clothing,Jeans,1,442.17,0.0,442.17,8.39
ORD-10392,2024-02-21,CUST-1042,South,Online,Electronics,Smartwatch,2,489.78,0.1,881.6,-69.99
ORD-10393,2024-02-19,CUST-1006,West,Partner,Clothing,Hat,5,219.56,0.05,1042.91,-1.43
ORD-10394,2024-05-30,CUST-1105,Central,Store,Toys,Doll,2,53.06,0.0,106.12,6.77
ORD-10395,2024-02-11,CUST-1060,North,Store,Furniture,Office Chair,1,173.49,0.2,138.79,-0.71
ORD-10396,2024-10-05,CUST-1049,South,Store,Clothing,Jacket,4,716.95,0.05,2724.41,-299.49
ORD-10397,2024-05-14,CUST-1028,East,Partner,Clothing,Sneakers,2,362.16,0.05,688.1,50.61
ORD-10398,2024-07-30,CUST-1096,Central,Online,Electronics,Laptop,1,77.71,0.05,73.82,19.75
ORD-10399,2024-12-17,CUST-1110,West,Partner,Toys,Puzzle,4,656.54,0.1,2363.54,874.02
ORD-10400,2024-09-14,CUST-1073,Central,Partner,Furniture,Sofa,3,72.37,0.25,162.83,44.97
ORD-10401,2024-03-26,CUST-1027,South,Online,Toys,Board Game,1,759.91,0.1,683.92,-48.3
ORD-10402,2024-11-17,CUST-1018,Central,Store,Electronics,Smartwatch,1,790.74,0.1,711.67,-38.78
ORD-10403,2024-05-21,CUST-1066,West,Online,Office Supplies,Pen Pack,1,316.6,0.1,284.94,39.9
ORD-10404,2024-03-16,CUST-1072,Central,Partner,Toys,RC Car,5,627.53,0.0,3137.65,179.54
ORD-10405,2024-10-01,CUST-1112,East,Store,Electronics,Smartphone,5,625.84,0.25,2346.9,-21.76
ORD-10406,2024-05-21,CUST-1051,South,Partner,Office Supplies,Paper Ream,4,461.9,0.1,1662.84,-242.53
ORD-10407,2024-01-26,CUST-1095,West,Store,Toys,Doll,1,322.68,0.05,306.55,63.01
ORD-10408,2024-09-08,CUST-1109,North,Online,Office Supplies,Pen Pack,3,655.73,0.05,1868.83,10.77
ORD-10409,2024-08-01,CUST-1077,North,Online,Furniture,Bookshelf,4,621.48,0.05,2361.62,-38.01
ORD-10410,2024-07-10,CUST-1105,North,Partner,Clothing,Jeans,4,595.35,0.25,1786.05,257.79
ORD-10411,2024-09-25,CUST-1112,Central,Online,Furniture,Office Chair,3,570.56,0.1,1540.51,-140.66
ORD-10412,2024-01-26,CUST-1117,East,Partner,Furniture,Desk,2,671.21,0.0,1342.42,-179.17
ORD-10413,2024-03-04,CUST-1087,North,Online,Furniture,Bookshelf,3,660.57,0.15,1684.45,96.06
ORD-10414,2024-10-09,CUST-1044,East,Online,Office Supplies,Paper Ream,5,362.42,0.25,1359.08,158.18
ORD-10415,2024-10-19,CUST-1099,South,Online,Office Supplies,Pen Pack,3,31.69,0.0,95.07,-6.52
ORD-10416,2024-12-15,CUST-1001,West,Online,Furniture,Desk,3,524.75,0.15,1338.11,-220.35
ORD-10417,2024-06-05,CUST-1091,East,Store,Furniture,Lamp,1,186.78,0.15,158.76,47.17
ORD-10418,2024-09-23,CUST-1105,Central,Store,Clothing,Sneakers,4,209.08,0.1,752.69,0.9
ORD-10419,2024-07-10,CUST-1071,Central,Partner,Toys,Puzzle,1,414.1,0.2,331.28,138.0
ORD-10420,2024-11-23,CUST-1041,East,Store,Office Supplies,Stapler,1,390.57,0.05,371.04,134.43
ORD-10421,2024-11-03,CUST-1051,East,Partner,Office Supplies,Notebook,2,418.66,0.0,837.32,251.06
ORD-10422,2024-07-26,CUST-1049,North,Partner,Furniture,Office Chair,4,798.0,0.05,3032.4,968.63
ORD-10423,2024-11-22,CUST-1100,West,Partner,Toys,Board Game,3,583.97,0.0,1751.91,338.4
ORD-10424,2024-10-12,CUST-1023,East,Online,Office Supplies,Folder,3,677.88,0.25,1525.23,363.63
ORD-10425,2024-04-03,CUST-1087,East,Partner,Clothing,Jeans,3,582.9,0.15,1486.39,404.75
ORD-10426,2024-06-18,CUST-1047,East,Partner,Electronics,Laptop,3,186.43,0.25,419.47,1.98
ORD-10427,2024-10-24,CUST-1079,North,Store,Office Supplies,Paper Ream,1,381.72,0.25,286.29,63.82
ORD-10428,2024-07-30,CUST-1006,South,Online,Furniture,Lamp,1,695.32,0.1,625.79,79.91
ORD-10429,2024-04-02,CUST-1099,North,Store,Furniture,Bookshelf,4,789.88,0.1,2843.57,-247.67
ORD-10430,2024-04-17,CUST-1097,South,Partner,Office Supplies,Notebook,3,511.25,0.0,1533.75,116.61
ORD-10431,2024-07-25,CUST-1054,West,Store,Furniture,Sofa,1,112.23,0.1,101.01,18.71
ORD-10432,2024-06-13,CUST-1096,Central,Online,Electronics,Smartphone,5,167.54,0.05,795.81,272.28
ORD-10433,2024-02-22,CUST-1049,Central,Partner,Electronics,Smartphone,2,188.75,0.05,358.62,2.28
ORD-10434,2024-08-21,CUST-1093,Central,Partner,Office Supplies,Notebook,1,660.84,0.05,627.8,214.27
ORD-10435,2024-09-07,CUST-1045,South,Online,Toys,Action Figure,4,711.5,0.0,2846.0,60.81
ORD-10436,2024-01-12,CUST-1075,Central,Online,Clothing,T-Shirt,2,187.21,0.0,374.42,-16.63
ORD-10437,2024-09-30,CUST-1079,North,Partner,Electronics,Headphones,1,306.4,0.2,245.12,-6.77
ORD-10438,2024-07-13,CUST-1015,Central,Store,Electronics,Smartphone,1,48.11,0.0,48.11,2.81
ORD-10439,2024-08-03,CUST-1084,North,Partner,Clothing,Jeans,2,559.2,0.2,894.72,-162.56
ORD-10440,2024-02-23,CUST-1065,Central,Online,Toys,Action Figure,5,488.45,0.0,2442.25,145.1
ORD-10441,2024-05-14,CUST-1106,Central,Online,Office Supplies,Pen Pack,1,403.21,0.15,342.73,-20.21
ORD-10442,2024-04-16,CUST-1088,West,Store,Office Supplies,Paper Ream,3,136.7,0.15,348.58,40.26
ORD-10443,2024-12-08,CUST-1063,South,Online,Furniture,Office Chair,1,540.59,0.0,540.59,144.67
ORD-10444,2024-05-31,CUST-1033,West,Online,Toys,Puzzle,1,724.78,0.2,579.82,-24.95
ORD-10445,2024-06-09,CUST-1054,North,Online,Electronics,Laptop,1,683.28,0.05,649.12,171.37
ORD-10446,2024-08-12,CUST-1079,East,Partner,Electronics,Smartphone,2,534.05,0.0,1068.1,15.31
ORD-10447,2024-08-21,CUST-1034,West,Partner,Electronics,Headphones,3,154.47,0.1,417.07,23.23
ORD-10448,2024-03-22,CUST-1013,West,Partner,Clothing,Jacket,2,99.31,0.2,158.9,42.35
ORD-10449,2024-11-09,CUST-1003,South,Store,Clothing,Hat,4,153.2,0.1,551.52,146.82
ORD-10450,2024-06-09,CUST-1001,Central,Partner,Clothing,T-Shirt,4,358.14,0.0,1432.56,-27.5
ORD-10451,2024-09-22,CUST-1066,Central,Online,Toys,RC Car,2,782.54,0.2,1252.06,448.51
ORD-10452,2024-03-17,CUST-1107,Central,Partner,Clothing,Jeans,4,283.14,0.2,906.05,193.33
ORD-10453,2024-03-25,CUST-1009,West,Store,Electronics,Smartphone,2,409.4,0.1,736.92,225.94
ORD-10454,2024-07-12,CUST-1051,South,Online,Furniture,Bookshelf,3,49.78,0.0,149.34,18.7
ORD-10455,2024-06-10,CUST-1015,West,Partner,Clothing,Jacket,5,364.0,0.25,1365.0,180.6
ORD-10456,2024-02-16,CUST-1101,Central,Partner,Electronics,Smartphone,4,335.75,0.15,1141.55,167.27
ORD-10457,2024-06-23,CUST-1046,North,Online,Office Supplies,Folder,5,173.41,0.2,693.64,67.72
ORD-10458,2024-12-02,CUST-1046,West,Online,Clothing,Sneakers,5,616.26,0.15,2619.11,266.74
ORD-10459,2024-05-29,CUST-1070,Central,Store,Electronics,Laptop,1,279.67,0.25,209.75,46.66
ORD-10460,2024-07-28,CUST-1013,East,Partner,Electronics,Smartphone,2,399.01,0.25,598.51,166.33
ORD-10461,2024-04-07,CUST-1091,East,Online,Furniture,Desk,1,744.87,0.1,670.38,-31.44
ORD-10462,2024-10-28,CUST-1064,South,Store,Clothing,T-Shirt,5,107.34,0.1,483.03,42.24
ORD-10463,2024-09-04,CUST-1118,Central,Online,Electronics,Tablet,1,447.05,0.1,402.35,120.44
ORD-10464,2024-06-13,CUST-1064,West,Store,Toys,Board Game,2,91.81,0.2,146.9,27.59
ORD-10465,2024-08-19,CUST-1103,South,Online,Toys,Board Game,3,324.32,0.05,924.31,326.18
ORD-10466,2024-06-09,CUST-1091,Central,Partner,Clothing,Hat,5,246.14,0.2,984.56,152.49
ORD-10467,2024-12-10,CUST-1016,South,Partner,Furniture,Desk,2,503.09,0.05,955.87,194.5
ORD-10468,2024-10-19,CUST-1085,West,Partner,Toys,Action Figure,1,611.01,0.15,519.36,55.1
ORD-10469,2024-07-14,CUST-1018,North,Partner,Toys,Action Figure,4,648.56,0.15,2205.1,-251.03
ORD-10470,2024-12-15,CUST-1032,South,Online,Electronics,Laptop,3,602.65,0.0,1807.95,617.9
ORD-10471,2024-11-11,CUST-1111,Central,Online,Office Supplies,Notebook,5,35.52,0.25,133.2,13.55
ORD-10472,2024-05-27,CUST-1088,North,Store,Toys,Doll,2,413.63,0.25,620.44,206.33
ORD-10473,2024-05-08,CUST-1025,Central,Store,Clothing,Jacket,3,773.01,0.0,2319.03,-332.82
ORD-10474,2024-04-09,CUST-1037,West,Online,Furniture,Bookshelf,5,441.83,0.15,1877.78,-114.36
ORD-10475,2024-08-07,CUST-1035,Central,Store,Electronics,Laptop,2,590.71,0.0,1181.42,45.6
ORD-10476,2024-12-29,CUST-1119,South,Online,Furniture,Desk,5,678.35,0.0,3391.75,51.83
ORD-10477,2024-12-04,CUST-1038,West,Partner,Furniture,Bookshelf,5,50.18,0.2,200.72,39.59
ORD-10478,2024-04-04,CUST-1066,North,Partner,Toys,Action Figure,1,629.38,0.05,597.91,70.93
ORD-10479,2024-04-19,CUST-1084,East,Store,Furniture,Sofa,5,434.26,0.0,2171.3,53.63
ORD-10480,2024-10-14,CUST-1105,North,Online,Office Supplies,Stapler,2,760.74,0.15,1293.26,175.35
ORD-10481,2024-05-04,CUST-1005,East,Store,Office Supplies,Paper Ream,2,724.55,0.15,1231.73,448.21
ORD-10482,2024-09-21,CUST-1105,East,Partner,Electronics,Smartwatch,3,436.79,0.05,1244.85,-180.37
ORD-10483,2024-09-20,CUST-1010,North,Online,Toys,Doll,4,44.64,0.2,142.85,-9.6
ORD-10484,2024-04-19,CUST-1110,West,Online,Toys,RC Car,1,505.28,0.0,505.28,93.56
ORD-10485,2024-03-19,CUST-1003,West,Partner,Furniture,Lamp,4,520.78,0.0,2083.12,465.46
ORD-10486,2024-10-12,CUST-1009,Central,Online,Office Supplies,Pen Pack,1,67.87,0.0,67.87,16.77
ORD-10487,2024-01-09,CUST-1049,North,Partner,Office Supplies,Paper Ream,4,366.39,0.1,1319.0,97.48
ORD-10488,2024-02-07,CUST-1045,Central,Online,Electronics,Tablet,1,607.21,0.15,516.13,-77.26
ORD-10489,2024-07-14,CUST-1050,North,Store,Office Supplies,Stapler,5,78.34,0.25,293.78,122.74
ORD-10490,2024-10-06,CUST-1037,South,Store,Furniture,Lamp,2,117.74,0.1,211.93,58.49
ORD-10491,2024-01-03,CUST-1073,Central,Store,Office Supplies,Pen Pack,5,701.07,0.0,3505.35,-309.81
ORD-10492,2024-06-25,CUST-1027,West,Partner,Toys,RC Car,1,250.71,0.2,200.57,55.34
ORD-10493,2024-04-09,CUST-1014,South,Partner,Toys,Board Game,2,155.35,0.15,264.09,83.07
ORD-10494,2024-12-09,CUST-1008,East,Online,Toys,Puzzle,5,374.4,0.15,1591.2,-212.34
ORD-10495,2024-12-01,CUST-1030,North,Store,Furniture,Lamp,4,761.72,0.05,2894.54,-261.7
ORD-10496,2024-12-03,CUST-1039,Central,Online,Toys,Puzzle,2,261.05,0.1,469.89,7.4
ORD-10497,2024-06-09,CUST-1031,South,Partner,Toys,RC Car,3,648.08,0.1,1749.82,-127.7
ORD-10498,2024-09-02,CUST-1059,West,Store,Clothing,Sneakers,3,116.1,0.2,278.64,5.5
ORD-10499,2024-05-23,CUST-1109,South,Partner,Office Supplies,Paper Ream,5,95.98,0.2,383.92,73.58
ORD-10500,2024-11-19,CUST-1003,Central,Partner,Furniture,Bookshelf,1,584.67,0.0,584.67,160.66
ORD-10501,2024-10-03,CUST-1060,South,Store,Clothing,Hat,2,725.98,0.15,1234.17,-28.59
ORD-10502,2024-09-13,CUST-1065,North,Store,Clothing,Jeans,5,589.25,0.05,2798.94,-244.71
ORD-10503,2024-11-10,CUST-1087,South,Partner,Office Supplies,Folder,1,533.52,0.25,400.14,177.13
ORD-10504,2024-03-15,CUST-1094,West,Store,Furniture,Sofa,2,151.52,0.15,257.58,54.46
ORD-10505,2024-01-22,CUST-1085,South,Partner,Electronics,Laptop,4,193.08,0.05,733.7,26.81
ORD-10506,2024-11-28,CUST-1041,North,Partner,Office Supplies,Paper Ream,4,735.14,0.0,2940.56,-382.41
ORD-10507,2024-11-30,CUST-1048,East,Partner,Toys,Action Figure,3,467.12,0.15,1191.16,-88.39
ORD-10508,2024-06-29,CUST-1104,East,Store,Electronics,Tablet,3,307.3,0.0,921.9,99.74
ORD-10509,2024-04-27,CUST-1009,Central,Partner,Clothing,Hat,1,406.45,0.0,406.45,28.43
ORD-10510,2024-03-01,CUST-1084,South,Store,Office Supplies,Notebook,2,157.66,0.05,299.55,47.62
ORD-10511,2024-03-23,CUST-1082,West,Online,Office Supplies,Pen Pack,4,543.43,0.1,1956.35,-97.05
ORD-10512,2024-09-19,CUST-1005,Central,Online,Furniture,Office Chair,2,463.05,0.0,926.1,-76.53
ORD-10513,2024-11-02,CUST-1072,North,Partner,Electronics,Laptop,3,738.73,0.15,1883.76,729.39
ORD-10514,2024-03-28,CUST-1028,West,Partner,Office Supplies,Pen Pack,2,364.87,0.1,656.77,206.99
ORD-10515,2024-12-17,CUST-1043,West,Partner,Furniture,Lamp,2,502.34,0.15,853.98,-17.82
ORD-10516,2024-04-13,CUST-1066,Central,Partner,Toys,Puzzle,2,308.79,0.0,617.58,-59.11
ORD-10517,2024-11-03,CUST-1004,Central,Partner,Clothing,Jeans,5,86.08,0.1,387.36,129.47
ORD-10518,2024-01-01,CUST-1114,West,Partner,Electronics,Smartphone,4,530.92,0.15,1805.13,254.08
ORD-10519,2024-09-03,CUST-1101,West,Store,Clothing,Sneakers,1,561.14,0.1,505.03,-19.78
ORD-10520,2024-04-29,CUST-1116,North,Store,Toys,RC Car,1,346.14,0.05,328.83,30.66
ORD-10521,2024-01-04,CUST-1073,Central,Online,Toys,RC Car,4,213.67,0.0,854.68,174.85
ORD-10522,2024-07-28,CUST-1046,North,Online,Toys,Puzzle,4,527.09,0.2,1686.69,531.61
ORD-10523,2024-07-06,CUST-1078,East,Partner,Clothing,Hat,3,216.43,0.15,551.9,40.11
ORD-10524,2024-07-08,CUST-1071,Central,Store,Clothing,Jeans,4,446.16,0.15,1516.94,162.82
ORD-10525,2024-03-11,CUST-1109,North,Partner,Office Supplies,Stapler,5,282.04,0.2,1128.16,69.19
ORD-10526,2024-06-22,CUST-1102,Central,Partner,Furniture,Sofa,2,89.22,0.15,151.67,8.97
ORD-10527,2024-03-15,CUST-1060,Central,Store,Electronics,Laptop,4,772.01,0.0,3088.04,778.76
ORD-10528,2024-07-15,CUST-1119,West,Partner,Electronics,Smartphone,3,185.2,0.0,555.6,85.85
ORD-10529,2024-11-23,CUST-1063,West,Online,Toys,Action Figure,5,55.4,0.25,207.75,72.05
ORD-10530,2024-09-21,CUST-1089,South,Partner,Furniture,Lamp,3,163.85,0.25,368.66,73.61
ORD-10531,2024-02-14,CUST-1035,West,Store,Furniture,Office Chair,3,199.01,0.0,597.03,201.69
ORD-10532,2024-02-05,CUST-1117,North,Partner,Clothing,Jacket,5,168.25,0.0,841.25,183.78
ORD-10533,2024-11-06,CUST-1024,West,Store,Office Supplies,Folder,5,285.0,0.25,1068.75,-16.74
ORD-10534,2024-02-07,CUST-1064,East,Store,Toys,Puzzle,3,148.28,0.15,378.11,-43.05
ORD-10535,2024-05-08,CUST-1088,West,Store,Electronics,Tablet,3,702.13,0.25,1579.79,519.64
ORD-10536,2024-08-23,CUST-1114,Central,Online,Toys,Doll,2,608.4,0.25,912.6,96.64
ORD-10537,2024-04-22,CUST-1086,South,Store,Clothing,T-Shirt,3,63.37,0.2,152.09,46.45
ORD-10538,2024-05-07,CUST-1036,North,Store,Clothing,Sneakers,5,433.17,0.2,1732.68,576.31
ORD-10539,2024-04-21,CUST-1114,Central,Store,Office Supplies,Pen Pack,5,745.8,0.1,3356.1,25.87
ORD-10540,2024-05-15,CUST-1026,South,Online,Furniture,Desk,4,592.32,0.0,2369.28,515.83
ORD-10541,2024-02-10,CUST-1086,West,Partner,Furniture,Lamp,3,133.24,0.0,399.72,-36.0
ORD-10542,2024-09-09,CUST-1114,Central,Store,Electronics,Tablet,1,679.93,0.05,645.93,109.02
ORD-10543,2024-03-06,CUST-1006,Central,Store,Clothing,Jeans,5,231.41,0.0,1157.05,260.43
ORD-10544,2024-03-30,CUST-1058,North,Partner,Clothing,Hat,1,406.96,0.1,366.26,114.03
ORD-10545,2024-07-13,CUST-1074,North,Store,Toys,Doll,3,554.48,0.0,1663.44,311.15
ORD-10546,2024-08-29,CUST-1078,East,Store,Office Supplies,Folder,3,157.85,0.05,449.87,-14.88
ORD-10547,2024-07-05,CUST-1109,West,Store,Furniture,Sofa,4,176.32,0.2,564.22,159.46
ORD-10548,2024-02-21,CUST-1092,East,Online,Clothing,Jeans,5,113.6,0.15,482.8,109.63
ORD-10549,2024-03-17,CUST-1060,North,Online,Toys,Doll,4,164.89,0.25,494.67,217.37
ORD-10550,2024-09-30,CUST-1092,East,Store,Clothing,Jacket,2,796.49,0.25,1194.74,263.36
ORD-10551,2024-12-19,CUST-1020,North,Online,Office Supplies,Stapler,5,688.22,0.0,3441.1,169.31
ORD-10552,2024-07-03,CUST-1071,Central,Store,Office Supplies,Paper Ream,1,365.39,0.05,347.12,-7.35
ORD-10553,2024-11-06,CUST-1025,Central,Partner,Office Supplies,Pen Pack,4,105.78,0.25,317.34,80.31
ORD-10554,2024-08-16,CUST-1113,North,Store,Toys,Board Game,3,290.54,0.2,697.3,91.71
ORD-10555,2024-11-23,CUST-1103,East,Store,Toys,Action Figure,4,509.05,0.0,2036.2,578.54
ORD-10556,2024-06-24,CUST-1029,East,Store,Toys,RC Car,4,680.63,0.0,2722.52,-300.69
ORD-10557,2024-07-04,CUST-1095,Central,Partner,Office Supplies,Stapler,5,519.27,0.05,2466.53,762.93
ORD-10558,2024-04-30,CUST-1084,East,Partner,Clothing,Jacket,2,155.27,0.0,310.54,-27.17
ORD-10559,2024-08-30,CUST-1070,North,Online,Electronics,Laptop,2,323.67,0.0,647.34,-76.45
ORD-10560,2024-12-01,CUST-1119,West,Store,Clothing,Hat,1,92.1,0.15,78.28,-6.66
ORD-10561,2024-03-28,CUST-1003,North,Partner,Furniture,Desk,3,360.1,0.0,1080.3,-91.14
ORD-10562,2024-05-19,CUST-1070,West,Online,Office Supplies,Stapler,4,379.08,0.25,1137.24,182.4
ORD-10563,2024-10-15,CUST-1055,Central,Partner,Toys,Board Game,5,482.09,0.2,1928.36,541.04
ORD-10564,2024-08-14,CUST-1039,East,Store,Toys,Action Figure,3,390.5,0.0,1171.5,295.63
ORD-10565,2024-03-10,CUST-1044,East,Store,Office Supplies,Notebook,3,18.34,0.15,46.77,14.18
ORD-10566,2024-08-08,CUST-1102,East,Partner,Toys,Puzzle,4,758.1,0.1,2729.16,-0.59
ORD-10567,2024-08-11,CUST-1050,South,Online,Furniture,Office Chair,5,305.18,0.1,1373.31,444.16
ORD-10568,2024-09-21,CUST-1097,Central,Partner,Clothing,Jacket,2,217.75,0.1,391.95,70.84
ORD-10569,2024-02-05,CUST-1023,South,Store,Office Supplies,Stapler,5,648.96,0.1,2920.32,-181.71
ORD-10570,2024-04-06,CUST-1041,North,Online,Electronics,Smartwatch,5,367.69,0.2,1470.76,296.68
ORD-10571,2024-03-05,CUST-1091,West,Partner,Electronics,Tablet,1,156.89,0.0,156.89,-1.4
ORD-10572,2024-08-03,CUST-1039,West,Store,Electronics,Laptop,1,129.04,0.1,116.14,-5.34
ORD-10573,2024-01-29,CUST-1034,West,Online,Clothing,T-Shirt,3,73.38,0.25,165.1,71.73
ORD-10574,2024-07-14,CUST-1106,North,Online,Toys,Doll,2,161.83,0.25,242.75,-8.08
ORD-10575,2024-02-18,CUST-1066,South,Store,Furniture,Sofa,4,205.26,0.0,821.04,-41.39
ORD-10576,2024-10-08,CUST-1066,North,Store,Clothing,Sneakers,3,135.3,0.2,324.72,-52.32
ORD-10577,2024-04-21,CUST-1014,South,Partner,Clothing,Sneakers,2,294.74,0.0,589.48,166.13
ORD-10578,2024-07-21,CUST-1101,South,Online,Clothing,Sneakers,1,142.21,0.05,135.1,20.24
ORD-10579,2024-02-15,CUST-1031,South,Store,Electronics,Tablet,4,553.84,0.0,2215.36,79.09
ORD-10580,2024-01-31,CUST-1045,South,Partner,Electronics,Tablet,3,745.37,0.25,1677.08,363.52
ORD-10581,2024-11-26,CUST-1096,East,Store,Toys,Puzzle,2,395.4,0.05,751.26,269.53
ORD-10582,2024-01-21,CUST-1062,West,Partner,Furniture,Office Chair,4,292.95,0.0,1171.8,-28.89
ORD-10583,2024-06-14,CUST-1093,West,Store,Office Supplies,Folder,4,159.92,0.0,639.68,77.92
ORD-10584,2024-05-14,CUST-1069,East,Store,Toys,RC Car,2,64.41,0.0,128.82,9.62
ORD-10585,2024-07-05,CUST-1099,Central,Online,Electronics,Tablet,4,589.59,0.0,2358.36,377.02
ORD-10586,2024-09-11,CUST-1098,Central,Online,Office Supplies,Pen Pack,5,657.05,0.0,3285.25,368.06
ORD-10587,2024-09-24,CUST-1084,North,Online,Toys,Action Figure,3,333.75,0.05,951.19,-94.89
ORD-10588,2024-01-17,CUST-1073,West,Partner,Furniture,Desk,1,169.64,0.1,152.68,-9.19
ORD-10589,2024-04-23,CUST-1077,North,Online,Clothing,Hat,5,564.04,0.05,2679.19,-353.81
ORD-10590,2024-10-12,CUST-1095,West,Store,Furniture,Sofa,1,379.77,0.2,303.82,-45.44
ORD-10591,2024-06-04,CUST-1009,South,Partner,Electronics,Tablet,3,427.93,0.2,1027.03,-147.39
ORD-10592,2024-12-02,CUST-1031,Central,Partner,Electronics,Smartphone,2,430.01,0.0,860.02,-45.96
ORD-10593,2024-10-22,CUST-1045,West,Partner,Furniture,Lamp,5,338.0,0.0,1690.0,394.01
ORD-10594,2024-06-21,CUST-1084,South,Partner,Clothing,T-Shirt,2,636.04,0.15,1081.27,64.59
ORD-10595,2024-06-15,CUST-1108,East,Store,Toys,Doll,3,722.96,0.15,1843.55,749.85
ORD-10596,2024-10-08,CUST-1118,East,Store,Clothing,Sneakers,5,200.17,0.15,850.72,-43.07
ORD-10597,2024-11-01,CUST-1002,Central,Online,Clothing,Jacket,4,10.15,0.0,40.6,13.86
ORD-10598,2024-01-12,CUST-1098,East,Partner,Office Supplies,Pen Pack,3,787.67,0.0,2363.01,656.59
ORD-10599,2024-08-23,CUST-1045,South,Online,Toys,RC Car,5,741.48,0.0,3707.4,-381.33
ORD-10600,2024-02-17,CUST-1073,West,Partner,Office Supplies,Stapler,5,207.39,0.05,985.1,264.98
ORD-10601,2024-12-19,CUST-1089,Central,Online,Furniture,Office Chair,3,636.39,0.0,1909.17,179.73
ORD-10602,2024-01-29,CUST-1117,East,Store,Toys,Action Figure,1,587.32,0.15,499.22,23.95
ORD-10603,2024-11-04,CUST-1118,North,Partner,Clothing,Jacket,1,697.13,0.0,697.13,156.05
ORD-10604,2024-03-17,CUST-1041,Central,Partner,Clothing,T-Shirt,3,424.26,0.05,1209.14,152.69
ORD-10605,2024-10-31,CUST-1073,Central,Online,Furniture,Desk,1,542.17,0.1,487.95,181.91
ORD-10606,2024-02-12,CUST-1060,Central,Partner,Furniture,Sofa,3,631.23,0.0,1893.69,-158.89
ORD-10607,2024-12-23,CUST-1016,South,Store,Electronics,Tablet,4,217.42,0.1,782.71,87.76
ORD-10608,2024-11-11,CUST-1094,Central,Online,Toys,Board Game,4,322.3,0.15,1095.82,-66.97
ORD-10609,2024-10-21,CUST-1011,North,Partner,Furniture,Office Chair,3,623.65,0.05,1777.4,359.91
ORD-10610,2024-12-01,CUST-1003,East,Online,Clothing,Jacket,3,285.16,0.05,812.71,19.05
ORD-10611,2024-04-29,CUST-1025,East,Online,Office Supplies,Folder,4,502.31,0.1,1808.32,-256.3
ORD-10612,2024-05-27,CUST-1001,East,Partner,Electronics,Smartphone,1,202.01,0.15,171.71,63.3
ORD-10613,2024-10-02,CUST-1027,South,Partner,Electronics,Headphones,4,382.24,0.05,1452.51,-69.56
ORD-10614,2024-12-21,CUST-1089,North,Store,Toys,Action Figure,5,391.59,0.2,1566.36,677.75
ORD-10615,2024-12-22,CUST-1079,East,Online,Toys,RC Car,1,211.81,0.0,211.81,-1.69
ORD-10616,2024-12-03,CUST-1046,North,Online,Clothing,T-Shirt,1,317.03,0.05,301.18,57.54
ORD-10617,2024-02-20,CUST-1115,East,Store,Office Supplies,Paper Ream,2,784.04,0.15,1332.87,530.49
ORD-10618,2024-10-14,CUST-1118,North,Online,Toys,RC Car,1,157.27,0.15,133.68,52.43
ORD-10619,2024-01-10,CUST-1044,East,Store,Furniture,Lamp,3,273.52,0.1,738.5,182.32
ORD-10620,2024-07-17,CUST-1113,North,Partner,Office Supplies,Notebook,5,227.94,0.0,1139.7,185.65
ORD-10621,2024-02-14,CUST-1093,West,Partner,Office Supplies,Notebook,2,280.01,0.1,504.02,99.94
ORD-10622,2024-06-08,CUST-1116,Central,Store,Toys,Board Game,4,199.89,0.0,799.56,50.56
ORD-10623,2024-12-16,CUST-1102,South,Online,Clothing,Hat,2,173.34,0.0,346.68,48.71
ORD-10624,2024-10-16,CUST-1117,South,Store,Office Supplies,Folder,2,349.75,0.25,524.62,-54.16
ORD-10625,2024-03-15,CUST-1093,North,Store,Electronics,Tablet,5,759.4,0.0,3797.0,-219.97
ORD-10626,2024-05-20,CUST-1019,South,Online,Clothing,Jacket,3,359.97,0.25,809.93,320.8
ORD-10627,2024-11-06,CUST-1072,Central,Online,Furniture,Desk,1,612.33,0.15,520.48,97.04
ORD-10628,2024-09-01,CUST-1017,Central,Partner,Toys,Board Game,2,553.03,0.05,1050.76,-121.96
ORD-10629,2024-03-24,CUST-1024,South,Online,Clothing,Sneakers,2,683.18,0.1,1229.72,118.77
ORD-10630,2024-04-13,CUST-1096,South,Online,Clothing,T-Shirt,3,760.66,0.0,2281.98,504.74
ORD-10631,2024-05-06,CUST-1054,West,Online,Furniture,Sofa,5,397.05,0.05,1885.99,562.59
ORD-10632,2024-10-01,CUST-1067,North,Partner,Toys,Doll,3,321.38,0.2,771.31,131.09
ORD-10633,2024-05-05,CUST-1066,Central,Store,Electronics,Smartwatch,4,663.34,0.0,2653.36,766.53
ORD-10634,2024-04-07,CUST-1037,West,Store,Electronics,Tablet,4,417.74,0.2,1336.77,553.58
ORD-10635,2024-01-28,CUST-1088,Central,Online,Office Supplies,Stapler,4,141.52,0.05,537.78,88.63
ORD-10636,2024-10-26,CUST-1114,Central,Online,Clothing,Jacket,1,580.89,0.0,580.89,-34.92
ORD-10637,2024-12-30,CUST-1114,South,Store,Clothing,Jacket,3,366.2,0.0,1098.6,84.42
ORD-10638,2024-03-04,CUST-1011,North,Partner,Electronics,Headphones,3,556.46,0.2,1335.5,414.41
ORD-10639,2024-09-18,CUST-1078,South,Store,Clothing,Sneakers,1,423.82,0.1,381.44,90.46
ORD-10640,2024-12-03,CUST-1110,South,Online,Toys,Doll,1,616.93,0.05,586.08,81.89
ORD-10641,2024-08-16,CUST-1036,South,Online,Furniture,Desk,1,341.47,0.05,324.4,73.44
ORD-10642,2024-09-11,CUST-1109,West,Partner,Furniture,Desk,1,501.82,0.05,476.73,-72.21
ORD-10643,2024-08-20,CUST-1052,West,Online,Electronics,Tablet,4,197.92,0.15,672.93,142.29
ORD-10644,2024-11-17,CUST-1071,South,Online,Toys,RC Car,1,203.32,0.15,172.82,-2.23
ORD-10645,2024-01-17,CUST-1085,Central,Partner,Furniture,Desk,1,526.09,0.0,526.09,-40.67
ORD-10646,2024-03-23,CUST-1086,East,Partner,Office Supplies,Stapler,1,48.73,0.1,43.86,16.9
ORD-10647,2024-07-03,CUST-1119,North,Online,Toys,RC Car,5,150.16,0.1,675.72,168.68
ORD-10648,2024-08-06,CUST-1107,Central,Online,Office Supplies,Stapler,3,719.05,0.25,1617.86,-250.59
ORD-10649,2024-09-26,CUST-1052,Central,Online,Office Supplies,Paper Ream,2,106.4,0.25,159.6,-2.72
ORD-10650,2024-09-27,CUST-1011,West,Partner,Furniture,Lamp,1,96.35,0.2,77.08,32.73
ORD-10651,2024-10-21,CUST-1079,East,Online,Toys,Action Figure,4,490.99,0.05,1865.76,-39.61
ORD-10652,2024-04-02,CUST-1113,Central,Online,Toys,RC Car,4,420.57,0.2,1345.82,166.33
ORD-10653,2024-03-01,CUST-1094,South,Partner,Office Supplies,Notebook,1,103.38,0.1,93.04,16.82
ORD-10654,2024-04-18,CUST-1001,South,Partner,Clothing,Jacket,1,273.7,0.15,232.64,69.25
ORD-10655,2024-01-04,CUST-1014,East,Store,Office Supplies,Stapler,1,253.14,0.15,215.17,31.64
ORD-10656,2024-06-18,CUST-1106,East,Partner,Clothing,Hat,5,768.49,0.25,2881.84,-238.94
ORD-10657,2024-08-23,CUST-1114,Central,Store,Clothing,Jacket,1,520.07,0.1,468.06,-37.6
ORD-10658,2024-12-13,CUST-1040,Central,Partner,Clothing,Jacket,1,669.73,0.05,636.24,88.72
ORD-10659,2024-06-30,CUST-1008,South,Store,Electronics,Laptop,5,551.54,0.25,2068.27,849.63
ORD-10660,2024-11-06,CUST-1049,South,Partner,Electronics,Headphones,4,504.94,0.25,1514.82,-135.35
ORD-10661,2024-09-11,CUST-1112,South,Store,Electronics,Headphones,3,570.77,0.05,1626.69,97.49
ORD-10662,2024-01-20,CUST-1099,South,Online,Clothing,Sneakers,2,424.83,0.0,849.66,-79.77
ORD-10663,2024-06-23,CUST-1118,West,Partner,Clothing,Hat,1,641.23,0.15,545.05,-46.78
ORD-10664,2024-09-21,CUST-1086,South,Online,Toys,Action Figure,3,123.2,0.25,277.2,-37.28
ORD-10665,2024-06-08,CUST-1119,North,Partner,Electronics,Smartwatch,4,573.81,0.15,1950.95,-211.35
ORD-10666,2024-12-03,CUST-1095,East,Online,Toys,Puzzle,3,378.83,0.0,1136.49,-111.89
ORD-10667,2024-09-29,CUST-1040,West,Partner,Toys,Action Figure,2,263.5,0.0,527.0,-3.54
ORD-10668,2024-11-14,CUST-1071,Central,Online,Electronics,Headphones,2,134.42,0.0,268.84,-38.28
ORD-10669,2024-12-26,CUST-1102,East,Partner,Furniture,Lamp,3,444.0,0.05,1265.4,-105.52
ORD-10670,2024-01-26,CUST-1016,North,Store,Furniture,Desk,1,255.99,0.05,243.19,30.79
ORD-10671,2024-12-26,CUST-1076,Central,Partner,Electronics,Smartphone,4,52.5,0.1,189.0,9.65
ORD-10672,2024-12-09,CUST-1103,Central,Online,Clothing,Hat,3,256.83,0.25,577.87,-39.24
ORD-10673,2024-08-27,CUST-1012,West,Store,Clothing,Hat,2,83.4,0.25,125.1,51.68
ORD-10674,2024-11-11,CUST-1033,East,Store,Clothing,Jacket,2,758.48,0.0,1516.96,425.58
ORD-10675,2024-02-27,CUST-1044,West,Store,Furniture,Bookshelf,3,368.09,0.0,1104.27,-129.55
ORD-10676,2024-07-26,CUST-1104,North,Store,Furniture,Bookshelf,3,487.51,0.0,1462.53,152.07
ORD-10677,2024-05-02,CUST-1079,South,Partner,Toys,Puzzle,3,430.87,0.1,1163.35,187.77
ORD-10678,2024-10-29,CUST-1055,West,Partner,Furniture,Sofa,4,62.19,0.0,248.76,63.92
ORD-10679,2024-12-30,CUST-1073,West,Online,Office Supplies,Folder,2,146.74,0.2,234.78,-32.59
ORD-10680,2024-03-31,CUST-1039,West,Online,Toys,RC Car,4,267.05,0.0,1068.2,278.81
ORD-10681,2024-11-26,CUST-1084,North,Online,Toys,Puzzle,5,619.36,0.1,2787.12,42.44
ORD-10682,2024-03-16,CUST-1084,South,Store,Furniture,Desk,5,723.57,0.2,2894.28,922.26
ORD-10683,2024-12-14,CUST-1112,East,Store,Toys,Action Figure,4,496.3,0.1,1786.68,-103.56
ORD-10684,2024-10-25,CUST-1001,Central,Partner,Toys,Action Figure,4,577.06,0.05,2192.83,796.68
ORD-10685,2024-01-01,CUST-1090,Central,Store,Clothing,Jeans,3,59.3,0.15,151.21,59.41
ORD-10686,2024-11-16,CUST-1040,West,Store,Electronics,Headphones,1,195.84,0.2,156.67,28.41
ORD-10687,2024-04-06,CUST-1071,West,Store,Clothing,Jacket,5,176.86,0.0,884.3,77.32
ORD-10688,2024-01-06,CUST-1009,North,Online,Clothing,Jeans,3,797.99,0.2,1915.18,-208.82
ORD-10689,2024-08-21,CUST-1114,Central,Store,Clothing,Jacket,2,76.88,0.2,123.01,38.9
ORD-10690,2024-07-15,CUST-1045,South,Online,Toys,Board Game,4,412.44,0.15,1402.3,429.0
ORD-10691,2024-12-30,CUST-1064,East,Store,Clothing,Hat,1,466.57,0.25,349.93,100.53
ORD-10692,2024-12-26,CUST-1047,North,Partner,Toys,RC Car,3,36.43,0.0,109.29,14.65
ORD-10693,2024-05-23,CUST-1059,Central,Online,Clothing,T-Shirt,2,586.85,0.15,997.64,401.16
ORD-10694,2024-12-08,CUST-1009,Central,Partner,Toys,RC Car,1,203.73,0.2,162.98,44.99
ORD-10695,2024-08-28,CUST-1058,Central,Store,Office Supplies,Folder,1,723.83,0.15,615.26,173.19
ORD-10696,2024-03-26,CUST-1004,Central,Partner,Toys,Action Figure,4,288.8,0.25,866.4,-3.11
ORD-10697,2024-10-20,CUST-1006,East,Partner,Office Supplies,Folder,3,58.52,0.1,158.0,24.42
ORD-10698,2024-05-22,CUST-1032,South,Partner,Toys,Puzzle,3,392.96,0.0,1178.88,121.19
ORD-10699,2024-10-29,CUST-1094,South,Partner,Office Supplies,Stapler,3,21.22,0.0,63.66,9.67
ORD-10700,2024-04-02,CUST-1102,Central,Online,Clothing,Sneakers,2,216.39,0.2,346.22,-13.81
ORD-10701,2024-09-10,CUST-1096,West,Store,Office Supplies,Pen Pack,2,480.48,0.25,720.72,-70.08
ORD-10702,2024-01-28,CUST-1082,East,Online,Furniture,Sofa,2,176.58,0.2,282.53,95.68
ORD-10703,2024-09-29,CUST-1029,West,Partner,Electronics,Laptop,4,325.01,0.05,1235.04,114.58
ORD-10704,2024-05-27,CUST-1118,West,Store,Clothing,Jacket,3,124.67,0.25,280.51,25.2
ORD-10705,2024-08-09,CUST-1078,East,Store,Office Supplies,Folder,1,86.92,0.15,73.88,14.66
ORD-10706,2024-12-11,CUST-1095,South,Partner,Office Supplies,Stapler,1,211.72,0.15,179.96,9.65
ORD-10707,2024-06-09,CUST-1070,North,Partner,Toys,Board Game,5,276.55,0.2,1106.2,479.27
ORD-10708,2024-08-16,CUST-1044,South,Partner,Electronics,Smartphone,1,334.89,0.15,284.66,-32.83
ORD-10709,2024-10-31,CUST-1084,South,Partner,Office Supplies,Stapler,2,36.89,0.15,62.71,-7.68
ORD-10710,2024-11-27,CUST-1072,South,Online,Electronics,Smartphone,1,686.59,0.0,686.59,26.08
ORD-10711,2024-05-21,CUST-1098,West,Partner,Furniture,Bookshelf,3,378.89,0.0,1136.67,192.54
ORD-10712,2024-07-14,CUST-1049,East,Online,Office Supplies,Stapler,2,626.78,0.05,1190.88,299.04
ORD-10713,2024-04-12,CUST-1078,West,Online,Office Supplies,Stapler,2,358.05,0.1,644.49,243.27
ORD-10714,2024-11-25,CUST-1013,West,Partner,Clothing,T-Shirt,2,437.1,0.1,786.78,-35.67
ORD-10715,2024-08-16,CUST-1002,West,Online,Office Supplies,Pen Pack,1,67.61,0.15,57.47,14.45
ORD-10716,2024-07-19,CUST-1073,North,Partner,Electronics,Smartphone,4,220.48,0.2,705.54,13.15
ORD-10717,2024-02-05,CUST-1069,South,Online,Clothing,Jacket,4,329.09,0.2,1053.09,316.54
ORD-10718,2024-06-04,CUST-1051,North,Partner,Clothing,Jacket,1,458.12,0.05,435.21,7.66
ORD-10719,2024-08-23,CUST-1097,East,Partner,Electronics,Headphones,5,684.14,0.05,3249.66,-375.5
ORD-10720,2024-06-02,CUST-1089,West,Online,Furniture,Desk,5,41.07,0.1,184.81,37.04
ORD-10721,2024-03-12,CUST-1004,South,Online,Office Supplies,Paper Ream,1,709.32,0.1,638.39,154.39
ORD-10722,2024-06-06,CUST-1063,Central,Store,Toys,Board Game,4,317.13,0.25,951.39,152.57
ORD-10723,2024-07-26,CUST-1015,South,Partner,Electronics,Smartphone,3,54.28,0.25,122.13,34.28
ORD-10724,2024-02-06,CUST-1004,South,Store,Toys,Doll,5,127.67,0.15,542.6,-21.39
ORD-10725,2024-01-08,CUST-1022,North,Store,Electronics,Smartwatch,5,46.18,0.2,184.72,40.27
ORD-10726,2024-02-24,CUST-1014,West,Partner,Electronics,Smartwatch,5,144.84,0.15,615.57,-85.47
ORD-10727,2024-12-13,CUST-1051,East,Online,Toys,Board Game,1,645.52,0.1,580.97,12.05
ORD-10728,2024-01-24,CUST-1075,South,Store,Toys,RC Car,2,264.06,0.25,396.09,-22.91
ORD-10729,2024-07-08,CUST-1070,South,Store,Electronics,Smartphone,3,121.58,0.1,328.27,-24.06
ORD-10730,2024-11-09,CUST-1048,South,Online,Furniture,Lamp,1,115.36,0.25,86.52,31.57
ORD-10731,2024-10-30,CUST-1113,East,Store,Clothing,T-Shirt,1,15.71,0.0,15.71,3.19
ORD-10732,2024-07-29,CUST-1030,South,Partner,Clothing,Jeans,2,123.04,0.05,233.78,27.45
ORD-10733,2024-11-17,CUST-1105,East,Store,Electronics,Tablet,2,576.59,0.15,980.2,374.96
ORD-10734,2024-02-18,CUST-1079,East,Partner,Clothing,T-Shirt,5,196.15,0.0,980.75,336.69
ORD-10735,2024-01-28,CUST-1024,North,Online,Toys,Board Game,4,618.56,0.2,1979.39,-113.68
ORD-10736,2024-07-05,CUST-1036,South,Store,Clothing,Jacket,2,136.21,0.0,272.42,-33.5
ORD-10737,2024-02-23,CUST-1094,North,Partner,Office Supplies,Stapler,5,646.07,0.25,2422.76,247.36
ORD-10738,2024-04-30,CUST-1092,West,Partner,Furniture,Desk,1,393.2,0.0,393.2,-45.05
ORD-10739,2024-04-27,CUST-1099,North,Store,Toys,Action Figure,4,167.01,0.2,534.43,199.87
ORD-10740,2024-04-22,CUST-1009,West,Partner,Furniture,Office Chair,2,592.82,0.25,889.23,-59.31
ORD-10741,2024-07-17,CUST-1047,South,Store,Clothing,T-Shirt,4,124.5,0.15,423.3,38.59
ORD-10742,2024-10-18,CUST-1007,East,Online,Furniture,Bookshelf,3,169.75,0.0,509.25,-68.22
ORD-10743,2024-05-31,CUST-1077,South,Partner,Electronics,Smartwatch,4,340.4,0.25,1021.2,29.67
ORD-10744,2024-07-29,CUST-1109,Central,Store,Toys,Board Game,5,776.41,0.25,2911.54,-136.45
ORD-10745,2024-08-07,CUST-1094,South,Online,Furniture,Lamp,4,671.22,0.05,2550.64,-383.26
ORD-10746,2024-10-20,CUST-1114,North,Store,Office Supplies,Paper Ream,5,185.7,0.15,789.23,300.02
ORD-10747,2024-09-28,CUST-1050,West,Partner,Electronics,Smartphone,4,589.45,0.15,2004.13,-314.03
ORD-10748,2024-12-20,CUST-1093,West,Online,Electronics,Smartwatch,4,200.0,0.15,680.0,181.23
ORD-10749,2024-12-08,CUST-1039,South,Partner,Furniture,Bookshelf,3,198.86,0.0,596.58,-84.74
ORD-10750,2024-03-11,CUST-1111,West,Online,Clothing,Hat,5,29.29,0.1,131.81,11.99
ORD-10751,2024-12-19,CUST-1042,Central,Online,Office Supplies,Paper Ream,1,689.7,0.0,689.7,29.27
ORD-10752,2024-04-16,CUST-1100,North,Partner,Office Supplies,Paper Ream,3,561.46,0.15,1431.72,204.18
ORD-10753,2024-01-27,CUST-1014,West,Store,Office Supplies,Pen Pack,5,756.8,0.2,3027.2,121.07
ORD-10754,2024-12-26,CUST-1008,Central,Partner,Clothing,Hat,1,298.8,0.0,298.8,52.02
ORD-10755,2024-10-24,CUST-1111,South,Partner,Furniture,Desk,3,198.52,0.0,595.56,103.94
ORD-10756,2024-05-21,CUST-1006,North,Store,Furniture,Bookshelf,3,719.37,0.15,1834.39,410.29
ORD-10757,2024-12-29,CUST-1068,Central,Store,Office Supplies,Paper Ream,4,406.15,0.25,1218.45,-144.01
ORD-10758,2024-02-03,CUST-1024,West,Online,Clothing,Hat,3,641.92,0.2,1540.61,489.91
ORD-10759,2024-05-21,CUST-1014,South,Store,Electronics,Smartwatch,2,237.81,0.0,475.62,-45.33
ORD-10760,2024-12-15,CUST-1069,South,Store,Furniture,Desk,5,762.16,0.0,3810.8,-13.01
ORD-10761,2024-02-02,CUST-1002,South,Partner,Office Supplies,Paper Ream,4,592.79,0.0,2371.16,-10.06
ORD-10762,2024-09-05,CUST-1075,Central,Partner,Office Supplies,Paper Ream,5,280.81,0.2,1123.24,341.76
ORD-10763,2024-05-13,CUST-1029,West,Store,Clothing,Jacket,3,458.13,0.25,1030.79,4.46
ORD-10764,2024-11-12,CUST-1118,South,Partner,Office Supplies,Pen Pack,2,288.97,0.1,520.15,189.63
ORD-10765,2024-12-07,CUST-1101,South,Online,Toys,Action Figure,2,778.83,0.25,1168.25,317.85
ORD-10766,2024-05-13,CUST-1047,South,Online,Furniture,Office Chair,1,795.08,0.15,675.82,-68.98
ORD-10767,2024-10-03,CUST-1020,Central,Store,Toys,Puzzle,3,782.64,0.0,2347.92,85.6
ORD-10768,2024-08-22,CUST-1118,East,Online,Electronics,Smartphone,4,745.54,0.25,2236.62,-230.54
ORD-10769,2024-05-28,CUST-1096,Central,Partner,Electronics,Tablet,5,271.71,0.2,1086.84,-3.02
ORD-10770,2024-01-21,CUST-1017,Central,Online,Furniture,Lamp,4,277.56,0.0,1110.24,239.61
ORD-10771,2024-02-17,CUST-1041,North,Partner,Office Supplies,Pen Pack,4,497.84,0.0,1991.36,145.34
ORD-10772,2024-01-12,CUST-1010,Central,Store,Furniture,Lamp,5,185.49,0.25,695.59,-10.24
ORD-10773,2024-09-18,CUST-1007,East,Store,Electronics,Tablet,4,163.62,0.05,621.76,99.21
ORD-10774,2024-06-28,CUST-1039,West,Partner,Furniture,Sofa,3,315.03,0.0,945.09,-7.25
ORD-10775,2024-05-27,CUST-1020,West,Partner,Electronics,Laptop,4,595.81,0.1,2144.92,600.2
ORD-10776,2024-08-31,CUST-1111,Central,Store,Clothing,Jeans,5,482.37,0.0,2411.85,-111.21
ORD-10777,2024-05-19,CUST-1053,South,Partner,Electronics,Tablet,4,79.87,0.1,287.53,54.12
ORD-10778,2024-10-10,CUST-1062,North,Store,Clothing,Hat,2,167.41,0.25,251.12,13.69
ORD-10779,2024-01-02,CUST-1019,East,Store,Toys,Action Figure,4,451.83,0.1,1626.59,-68.21
ORD-10780,2024-11-26,CUST-1031,North,Online,Clothing,T-Shirt,3,339.55,0.1,916.79,309.05
ORD-10781,2024-10-16,CUST-1055,East,Partner,Office Supplies,Paper Ream,1,483.12,0.05,458.96,67.89
ORD-10782,2024-05-12,CUST-1020,Central,Online,Clothing,T-Shirt,3,414.9,0.15,1057.99,-175.79
ORD-10783,2024-01-28,CUST-1034,East,Store,Furniture,Bookshelf,4,703.87,0.0,2815.48,80.78
ORD-10784,2024-09-20,CUST-1024,South,Online,Office Supplies,Pen Pack,3,240.41,0.2,576.98,229.47
ORD-10785,2024-12-16,CUST-1102,East,Store,Toys,Board Game,5,264.86,0.05,1258.09,348.84
ORD-10786,2024-03-11,CUST-1066,East,Store,Office Supplies,Pen Pack,5,468.24,0.25,1755.9,-182.94
ORD-10787,2024-03-20,CUST-1064,South,Online,Clothing,Jacket,3,737.52,0.0,2212.56,-218.58
ORD-10788,2024-02-28,CUST-1053,West,Online,Toys,RC Car,5,678.4,0.2,2713.6,425.89
ORD-10789,2024-03-12,CUST-1104,West,Partner,Electronics,Laptop,1,388.82,0.05,369.38,76.02
ORD-10790,2024-03-01,CUST-1028,South,Partner,Toys,Action Figure,2,570.82,0.0,1141.64,253.71
ORD-10791,2024-08-05,CUST-1088,North,Online,Furniture,Desk,3,109.02,0.0,327.06,111.38
ORD-10792,2024-12-03,CUST-1065,Central,Online,Electronics,Smartwatch,4,43.59,0.0,174.36,-23.3
ORD-10793,2024-02-19,CUST-1100,North,Partner,Clothing,T-Shirt,3,44.19,0.05,125.94,24.37
ORD-10794,2024-03-15,CUST-1108,East,Partner,Furniture,Lamp,2,155.98,0.05,296.36,-42.23
ORD-10795,2024-05-03,CUST-1064,Central,Online,Office Supplies,Stapler,2,685.56,0.25,1028.34,293.8
ORD-10796,2024-05-24,CUST-1021,Central,Online,Electronics,Tablet,1,427.78,0.2,342.22,-23.2
ORD-10797,2024-10-28,CUST-1023,West,Partner,Electronics,Laptop,5,682.52,0.1,3071.34,113.41
ORD-10798,2024-04-26,CUST-1052,North,Store,Electronics,Laptop,3,785.23,0.1,2120.12,-100.97
ORD-10799,2024-12-26,CUST-1036,Central,Partner,Electronics,Smartwatch,1,420.58,0.1,378.52,97.21
ORD-10800,2024-11-03,CUST-1094,East,Partner,Electronics,Smartphone,3,400.03,0.1,1080.08,-9.83
ORD-10801,2024-02-05,CUST-1114,West,Partner,Clothing,Jeans,5,331.75,0.25,1244.06,106.13
ORD-10802,2024-07-21,CUST-1056,Central,Partner,Office Supplies,Notebook,1,798.99,0.1,719.09,148.65
ORD-10803,2024-02-22,CUST-1094,South,Online,Electronics,Smartphone,2,321.9,0.2,515.04,93.53
ORD-10804,2024-03-03,CUST-1029,West,Partner,Office Supplies,Notebook,3,168.21,0.25,378.47,174.26
ORD-10805,2024-11-25,CUST-1051,East,Store,Clothing,Sneakers,5,478.98,0.25,1796.18,586.14
ORD-10806,2024-02-25,CUST-1015,East,Store,Toys,Doll,4,414.02,0.0,1656.08,387.52
ORD-10807,2024-02-04,CUST-1063,North,Online,Clothing,Jeans,2,33.48,0.2,53.57,-8.27
ORD-10808,2024-02-09,CUST-1084,Central,Store,Clothing,Hat,3,130.66,0.15,333.18,63.35
ORD-10809,2024-10-04,CUST-1043,Central,Partner,Clothing,Jeans,3,533.05,0.1,1439.23,163.75
ORD-10810,2024-06-10,CUST-1109,West,Store,Electronics,Smartphone,4,705.3,0.0,2821.2,117.97
ORD-10811,2024-06-04,CUST-1113,South,Store,Clothing,T-Shirt,1,149.73,0.2,119.78,41.95
ORD-10812,2024-10-18,CUST-1086,West,Partner,Clothing,Jeans,3,575.42,0.1,1553.63,400.5
ORD-10813,2024-09-16,CUST-1007,West,Store,Toys,RC Car,5,381.16,0.15,1619.93,528.24
ORD-10814,2024-05-25,CUST-1041,North,Online,Clothing,Hat,4,497.38,0.05,1890.04,464.03
ORD-10815,2024-10-25,CUST-1003,East,Store,Toys,Puzzle,2,671.18,0.05,1275.24,342.0
ORD-10816,2024-12-04,CUST-1031,South,Online,Electronics,Smartwatch,3,793.64,0.1,2142.83,61.03
ORD-10817,2024-02-28,CUST-1043,South,Online,Office Supplies,Folder,1,729.21,0.0,729.21,207.44
ORD-10818,2024-09-20,CUST-1115,West,Store,Toys,Action Figure,1,374.12,0.25,280.59,22.91
ORD-10819,2024-07-18,CUST-1041,Central,Online,Electronics,Smartwatch,5,27.57,0.05,130.96,5.36
ORD-10820,2024-12-07,CUST-1043,South,Partner,Clothing,T-Shirt,2,275.41,0.15,468.2,140.86
ORD-10821,2024-02-08,CUST-1107,Central,Online,Office Supplies,Stapler,4,169.39,0.2,542.05,185.43
ORD-10822,2024-04-25,CUST-1079,North,Partner,Office Supplies,Stapler,1,244.88,0.15,208.15,12.49
ORD-10823,2024-09-28,CUST-1060,West,Online,Toys,Puzzle,5,276.1,0.0,1380.5,183.9
ORD-10824,2024-10-03,CUST-1040,South,Store,Office Supplies,Pen Pack,3,408.67,0.05,1164.71,81.47
ORD-10825,2024-04-02,CUST-1112,North,Partner,Clothing,Sneakers,5,417.14,0.2,1668.56,483.3
ORD-10826,2024-08-27,CUST-1034,Central,Partner,Toys,Board Game,5,404.37,0.2,1617.48,669.35
ORD-10827,2024-05-03,CUST-1019,East,Store,Clothing,Hat,1,422.59,0.05,401.46,34.33
ORD-10828,2024-05-26,CUST-1082,South,Store,Clothing,Sneakers,1,510.8,0.25,383.1,28.72
ORD-10829,2024-05-05,CUST-1102,East,Store,Toys,Board Game,4,198.4,0.0,793.6,-42.89
ORD-10830,2024-05-19,CUST-1017,North,Store,Clothing,Hat,4,343.4,0.0,1373.6,-67.31
ORD-10831,2024-09-05,CUST-1100,North,Online,Office Supplies,Folder,2,518.99,0.0,1037.98,344.5
ORD-10832,2024-07-27,CUST-1114,East,Partner,Electronics,Headphones,5,245.4,0.0,1227.0,368.45
ORD-10833,2024-03-02,CUST-1066,Central,Partner,Electronics,Smartwatch,2,196.47,0.15,334.0,85.36
ORD-10834,2024-06-09,CUST-1042,Central,Partner,Office Supplies,Paper Ream,1,198.08,0.0,198.08,46.86
ORD-10835,2024-05-20,CUST-1056,West,Store,Clothing,Jeans,4,182.23,0.0,728.92,-45.5
ORD-10836,2024-06-11,CUST-1069,West,Store,Toys,Puzzle,4,431.44,0.2,1380.61,559.76
ORD-10837,2024-06-06,CUST-1002,Central,Online,Furniture,Bookshelf,2,296.77,0.2,474.83,20.1
ORD-10838,2024-12-24,CUST-1046,North,Partner,Electronics,Laptop,3,446.66,0.05,1272.98,227.09
ORD-10839,2024-05-10,CUST-1038,North,Online,Furniture,Sofa,4,16.21,0.1,58.36,20.34
ORD-10840,2024-11-25,CUST-1052,North,Store,Office Supplies,Notebook,2,733.55,0.2,1173.68,12.61
ORD-10841,2024-08-04,CUST-1112,North,Online,Electronics,Smartwatch,4,592.18,0.25,1776.54,38.75
ORD-10842,2024-10-07,CUST-1094,East,Store,Office Supplies,Folder,1,287.97,0.15,244.77,61.8
ORD-10843,2024-01-02,CUST-1051,South,Partner,Electronics,Smartphone,2,507.82,0.25,761.73,173.22
ORD-10844,2024-12-31,CUST-1098,South,Partner,Office Supplies,Stapler,5,74.96,0.0,374.8,-9.44
ORD-10845,2024-03-29,CUST-1087,Central,Store,Clothing,Sneakers,4,387.91,0.2,1241.31,-129.17
ORD-10846,2024-07-12,CUST-1106,Central,Online,Office Supplies,Notebook,1,337.45,0.0,337.45,15.77
ORD-10847,2024-02-15,CUST-1059,South,Store,Electronics,Smartphone,5,521.21,0.2,2084.84,-92.9
ORD-10848,2024-02-15,CUST-1047,South,Partner,Furniture,Office Chair,4,498.22,0.15,1693.95,-39.7
ORD-10849,2024-09-10,CUST-1015,South,Partner,Electronics,Smartphone,5,353.78,0.1,1592.01,466.33
ORD-10850,2024-08-08,CUST-1109,South,Partner,Furniture,Desk,3,237.49,0.1,641.22,29.24
ORD-10851,2024-01-15,CUST-1037,East,Online,Furniture,Bookshelf,2,340.48,0.1,612.86,167.67
ORD-10852,2024-02-13,CUST-1001,West,Online,Toys,Doll,2,302.01,0.2,483.22,104.87
ORD-10853,2024-11-01,CUST-1032,North,Online,Office Supplies,Paper Ream,2,573.54,0.2,917.66,70.71
ORD-10854,2024-06-30,CUST-1077,Central,Partner,Toys,Puzzle,1,272.96,0.0,272.96,23.33
ORD-10855,2024-07-21,CUST-1085,East,Online,Electronics,Smartphone,3,408.59,0.1,1103.19,1.54
ORD-10856,2024-06-22,CUST-1112,West,Online,Toys,Puzzle,5,151.7,0.0,758.5,77.27
ORD-10857,2024-01-23,CUST-1016,West,Store,Electronics,Headphones,5,352.01,0.05,1672.05,-161.18
ORD-10858,2024-05-15,CUST-1066,East,Store,Office Supplies,Paper Ream,3,723.21,0.05,2061.15,339.47
ORD-10859,2024-12-02,CUST-1081,West,Online,Furniture,Bookshelf,4,613.3,0.0,2453.2,313.61
ORD-10860,2024-03-24,CUST-1090,West,Store,Furniture,Desk,1,191.59,0.0,191.59,16.31
ORD-10861,2024-08-22,CUST-1063,North,Partner,Electronics,Smartwatch,1,358.8,0.2,287.04,46.8
ORD-10862,2024-03-27,CUST-1095,Central,Store,Furniture,Office Chair,3,83.93,0.25,188.84,-2.0
ORD-10863,2024-10-19,CUST-1023,West,Online,Toys,RC Car,2,471.0,0.0,942.0,106.45
ORD-10864,2024-12-14,CUST-1015,West,Store,Furniture,Sofa,1,711.02,0.0,711.02,-5.59
ORD-10865,2024-12-28,CUST-1084,West,Store,Toys,Puzzle,3,131.48,0.0,394.44,31.6
ORD-10866,2024-08-19,CUST-1041,Central,Online,Office Supplies,Folder,1,270.25,0.0,270.25,48.13
ORD-10867,2024-10-07,CUST-1077,West,Online,Furniture,Office Chair,3,265.3,0.0,795.9,176.61
ORD-10868,2024-02-15,CUST-1002,South,Online,Clothing,Sneakers,2,199.66,0.25,299.49,112.91
ORD-10869,2024-06-01,CUST-1062,West,Partner,Clothing,Jacket,3,521.26,0.2,1251.02,-114.05
ORD-10870,2024-09-19,CUST-1025,West,Store,Office Supplies,Folder,2,293.64,0.0,587.28,156.23
ORD-10871,2024-08-04,CUST-1103,East,Partner,Clothing,Jacket,3,454.82,0.1,1228.01,-143.12
ORD-10872,2024-08-25,CUST-1086,South,Partner,Furniture,Sofa,4,83.43,0.15,283.66,6.97
ORD-10873,2024-08-27,CUST-1055,North,Store,Furniture,Sofa,5,507.35,0.15,2156.24,-274.01
ORD-10874,2024-09-24,CUST-1054,East,Partner,Office Supplies,Notebook,2,550.61,0.05,1046.16,298.18
ORD-10875,2024-08-05,CUST-1052,North,Store,Electronics,Tablet,1,734.67,0.15,624.47,-70.66
ORD-10876,2024-01-09,CUST-1014,West,Online,Toys,Action Figure,3,211.34,0.0,634.02,148.57
ORD-10877,2024-10-27,CUST-1092,West,Partner,Furniture,Sofa,1,75.8,0.2,60.64,-0.09
ORD-10878,2024-04-18,CUST-1023,North,Partner,Clothing,Hat,3,279.65,0.25,629.21,213.93
ORD-10879,2024-02-29,CUST-1001,South,Partner,Toys,Action Figure,1,352.7,0.0,352.7,-51.87
ORD-10880,2024-09-06,CUST-1038,Central,Partner,Clothing,Jacket,4,696.34,0.2,2228.29,420.43
ORD-10881,2024-02-27,CUST-1104,North,Partner,Office Supplies,Paper Ream,3,79.23,0.0,237.69,-34.0
ORD-10882,2024-08-11,CUST-1107,Central,Online,Furniture,Office Chair,2,390.08,0.0,780.16,136.43
ORD-10883,2024-03-26,CUST-1115,South,Partner,Electronics,Headphones,4,127.05,0.1,457.38,-70.69
ORD-10884,2024-04-13,CUST-1037,Central,Store,Clothing,Jacket,4,25.51,0.1,91.84,14.55
ORD-10885,2024-07-31,CUST-1108,West,Partner,Electronics,Headphones,1,91.1,0.25,68.32,18.82
ORD-10886,2024-09-05,CUST-1065,Central,Partner,Toys,RC Car,5,799.23,0.0,3996.15,374.63
ORD-10887,2024-10-22,CUST-1040,Central,Online,Toys,Doll,2,574.29,0.15,976.29,-161.36
ORD-10888,2024-06-26,CUST-1057,West,Online,Office Supplies,Paper Ream,4,102.38,0.15,348.09,130.83
ORD-10889,2024-04-22,CUST-1075,East,Partner,Furniture,Bookshelf,2,380.7,0.1,685.26,-25.85
ORD-10890,2024-12-10,CUST-1083,East,Store,Clothing,Jeans,3,581.17,0.1,1569.16,575.19
ORD-10891,2024-09-04,CUST-1016,South,Online,Furniture,Lamp,2,233.14,0.2,373.02,-49.85
ORD-10892,2024-09-09,CUST-1038,South,Online,Furniture,Lamp,4,89.71,0.1,322.96,115.38
ORD-10893,2024-03-22,CUST-1022,Central,Online,Toys,Puzzle,1,293.44,0.05,278.77,8.37
ORD-10894,2024-04-24,CUST-1062,East,Store,Electronics,Headphones,4,100.04,0.0,400.16,-35.88
ORD-10895,2024-09-20,CUST-1077,North,Partner,Office Supplies,Pen Pack,5,221.32,0.0,1106.6,306.2
ORD-10896,2024-02-24,CUST-1100,Central,Partner,Electronics,Smartwatch,4,770.49,0.25,2311.47,-291.35
ORD-10897,2024-04-15,CUST-1116,East,Online,Electronics,Tablet,1,410.77,0.0,410.77,67.76
ORD-10898,2024-11-27,CUST-1046,East,Online,Office Supplies,Paper Ream,5,403.73,0.25,1513.99,-202.58
ORD-10899,2024-05-05,CUST-1106,West,Store,Electronics,Laptop,4,776.01,0.25,2328.03,727.95
ORD-10900,2024-07-31,CUST-1046,South,Online,Office Supplies,Folder,2,77.33,0.05,146.93,32.11
ORD-10901,2024-07-28,CUST-1114,West,Partner,Toys,Doll,2,119.02,0.1,214.24,13.5
ORD-10902,2024-09-21,CUST-1008,North,Store,Office Supplies,Pen Pack,4,125.01,0.0,500.04,104.41
ORD-10903,2024-12-04,CUST-1118,South,Partner,Office Supplies,Paper Ream,2,352.92,0.1,635.26,162.06
ORD-10904,2024-06-04,CUST-1092,East,Store,Electronics,Tablet,3,341.25,0.2,819.0,205.15
ORD-10905,2024-08-16,CUST-1082,South,Partner,Electronics,Headphones,5,492.22,0.0,2461.1,492.58
ORD-10906,2024-07-26,CUST-1099,South,Store,Toys,RC Car,4,561.0,0.25,1683.0,540.31
ORD-10907,2024-03-05,CUST-1066,Central,Store,Electronics,Smartphone,5,274.25,0.2,1097.0,287.19
ORD-10908,2024-11-21,CUST-1020,North,Online,Furniture,Office Chair,5,445.91,0.15,1895.12,45.38
ORD-10909,2024-08-04,CUST-1064,North,Partner,Toys,RC Car,3,200.66,0.25,451.49,1.19
ORD-10910,2024-11-29,CUST-1015,West,Store,Electronics,Headphones,3,505.32,0.05,1440.16,-133.55
ORD-10911,2024-10-24,CUST-1072,Central,Partner,Toys,Puzzle,4,277.79,0.0,1111.16,280.78
ORD-10912,2024-10-20,CUST-1086,South,Partner,Furniture,Bookshelf,3,234.78,0.25,528.25,181.4
ORD-10913,2024-07-03,CUST-1058,North,Online,Clothing,Hat,2,93.13,0.15,158.32,26.3
ORD-10914,2024-08-31,CUST-1027,West,Online,Clothing,Jacket,1,82.88,0.1,74.59,24.39
ORD-10915,2024-05-15,CUST-1074,West,Partner,Office Supplies,Folder,4,474.71,0.15,1614.01,454.61
ORD-10916,2024-03-14,CUST-1064,South,Store,Clothing,Jacket,4,588.06,0.1,2117.02,616.07
ORD-10917,2024-08-21,CUST-1060,North,Partner,Clothing,Jeans,5,691.98,0.0,3459.9,682.41
ORD-10918,2024-07-28,CUST-1014,North,Store,Furniture,Lamp,3,738.14,0.0,2214.42,333.93
ORD-10919,2024-07-10,CUST-1038,East,Store,Toys,Action Figure,1,422.99,0.0,422.99,15.11
ORD-10920,2024-06-05,CUST-1113,East,Online,Electronics,Laptop,2,629.2,0.1,1132.56,-158.15
ORD-10921,2024-01-23,CUST-1053,West,Partner,Furniture,Sofa,1,106.64,0.05,101.31,-12.39
ORD-10922,2024-11-06,CUST-1016,South,Partner,Office Supplies,Folder,4,721.23,0.25,2163.69,111.51
ORD-10923,2024-11-15,CUST-1085,Central,Store,Clothing,Jacket,4,127.7,0.2,408.64,6.44
ORD-10924,2024-08-14,CUST-1094,East,Partner,Clothing,Jeans,4,277.81,0.0,1111.24,365.64
ORD-10925,2024-06-07,CUST-1071,North,Partner,Electronics,Laptop,1,461.88,0.25,346.41,108.91
ORD-10926,2024-01-28,CUST-1072,Central,Online,Toys,Puzzle,2,764.58,0.15,1299.79,211.68
ORD-10927,2024-01-10,CUST-1035,South,Online,Clothing,Hat,1,105.02,0.15,89.27,-6.31
ORD-10928,2024-10-28,CUST-1005,West,Online,Toys,Doll,1,647.47,0.15,550.35,6.61
ORD-10929,2024-07-14,CUST-1032,North,Online,Office Supplies,Paper Ream,2,337.8,0.25,506.7,76.99
ORD-10930,2024-02-15,CUST-1019,East,Store,Electronics,Tablet,2,235.43,0.0,470.86,-10.46
ORD-10931,2024-01-30,CUST-1038,West,Online,Furniture,Office Chair,5,769.29,0.0,3846.45,-524.71
ORD-10932,2024-03-02,CUST-1006,South,Online,Office Supplies,Notebook,4,715.48,0.05,2718.82,108.06
ORD-10933,2024-02-28,CUST-1034,North,Store,Toys,RC Car,2,399.45,0.25,599.17,81.66
ORD-10934,2024-04-29,CUST-1116,North,Store,Clothing,Hat,4,61.71,0.0,246.84,13.27
ORD-10935,2024-03-05,CUST-1038,Central,Store,Toys,RC Car,1,204.59,0.15,173.9,35.96
ORD-10936,2024-03-27,CUST-1100,South,Partner,Clothing,T-Shirt,5,170.73,0.0,853.65,31.29
ORD-10937,2024-11-13,CUST-1037,South,Online,Clothing,Hat,4,43.02,0.25,129.06,14.17
ORD-10938,2024-06-28,CUST-1107,South,Partner,Electronics,Smartwatch,3,482.32,0.25,1085.22,274.92
ORD-10939,2024-06-02,CUST-1011,West,Partner,Toys,Action Figure,1,137.52,0.15,116.89,18.09
ORD-10940,2024-09-15,CUST-1102,East,Partner,Electronics,Laptop,5,799.07,0.1,3595.82,-178.09
ORD-10941,2024-06-23,CUST-1026,West,Partner,Office Supplies,Stapler,4,225.68,0.2,722.18,308.29
ORD-10942,2024-01-03,CUST-1115,North,Partner,Office Supplies,Pen Pack,2,520.69,0.0,1041.38,160.78
ORD-10943,2024-07-20,CUST-1068,North,Partner,Furniture,Sofa,5,717.26,0.2,2869.04,338.86
ORD-10944,2024-12-10,CUST-1015,East,Store,Electronics,Tablet,1,715.13,0.25,536.35,132.88
ORD-10945,2024-01-05,CUST-1015,West,Store,Toys,Action Figure,4,149.98,0.25,449.94,153.54
ORD-10946,2024-12-14,CUST-1117,East,Online,Furniture,Sofa,1,185.0,0.0,185.0,42.4
ORD-10947,2024-09-09,CUST-1046,North,Store,Electronics,Tablet,3,648.65,0.0,1945.95,-63.97
ORD-10948,2024-02-26,CUST-1111,East,Partner,Clothing,Hat,2,15.64,0.25,23.46,5.29
ORD-10949,2024-12-10,CUST-1087,Central,Partner,Toys,Doll,2,445.91,0.2,713.46,195.67
ORD-10950,2024-10-18,CUST-1109,South,Partner,Furniture,Office Chair,5,111.31,0.0,556.55,-48.02
ORD-10951,2024-11-10,CUST-1032,Central,Store,Office Supplies,Notebook,1,793.64,0.2,634.91,149.89
ORD-10952,2024-07-27,CUST-1035,North,Partner,Electronics,Smartwatch,1,684.55,0.05,650.32,45.37
ORD-10953,2024-04-24,CUST-1006,East,Store,Toys,Doll,4,295.56,0.25,886.68,-151.64
ORD-10954,2024-10-19,CUST-1103,North,Partner,Toys,Doll,3,14.08,0.0,42.24,0.73
ORD-10955,2024-06-08,CUST-1008,North,Online,Furniture,Sofa,1,734.43,0.0,734.43,-49.76
ORD-10956,2024-05-08,CUST-1031,North,Store,Clothing,Jacket,1,478.1,0.2,382.48,151.81
ORD-10957,2024-02-07,CUST-1099,Central,Partner,Furniture,Bookshelf,1,659.09,0.15,560.23,162.83
ORD-10958,2024-01-18,CUST-1048,East,Partner,Clothing,T-Shirt,4,467.36,0.0,1869.44,630.49
ORD-10959,2024-11-08,CUST-1080,West,Online,Electronics,Laptop,1,736.1,0.1,662.49,-90.25
ORD-10960,2024-02-19,CUST-1079,West,Online,Electronics,Smartphone,5,51.24,0.25,192.15,10.43
ORD-10961,2024-11-13,CUST-1079,North,Store,Toys,RC Car,1,368.19,0.1,331.37,91.16
ORD-10962,2024-01-07,CUST-1076,North,Partner,Electronics,Smartwatch,5,269.27,0.0,1346.35,-129.25
ORD-10963,2024-09-03,CUST-1092,Central,Store,Furniture,Lamp,2,513.52,0.05,975.69,28.44
ORD-10964,2024-10-26,CUST-1055,Central,Partner,Furniture,Desk,2,639.65,0.0,1279.3,-110.22
ORD-10965,2024-08-28,CUST-1039,Central,Store,Office Supplies,Stapler,5,709.33,0.25,2659.99,-273.76
ORD-10966,2024-01-30,CUST-1030,Central,Partner,Office Supplies,Stapler,1,418.97,0.2,335.18,79.25
ORD-10967,2024-04-13,CUST-1100,North,Store,Electronics,Smartwatch,3,164.37,0.0,493.11,83.97
ORD-10968,2024-10-16,CUST-1042,Central,Store,Furniture,Sofa,4,483.81,0.05,1838.48,534.13
ORD-10969,2024-09-10,CUST-1028,North,Partner,Clothing,Sneakers,2,92.83,0.25,139.25,56.68
ORD-10970,2024-06-18,CUST-1103,West,Online,Furniture,Desk,4,502.9,0.0,2011.6,181.79
ORD-10971,2024-10-11,CUST-1014,South,Store,Clothing,Jeans,1,296.63,0.0,296.63,8.59
ORD-10972,2024-01-16,CUST-1025,South,Store,Clothing,Jeans,5,731.04,0.05,3472.44,-468.04
ORD-10973,2024-05-05,CUST-1022,South,Online,Furniture,Desk,3,577.88,0.05,1646.96,474.61
ORD-10974,2024-12-01,CUST-1100,North,Store,Furniture,Bookshelf,1,26.59,0.2,21.27,-2.16
ORD-10975,2024-03-28,CUST-1067,Central,Store,Furniture,Bookshelf,4,199.72,0.25,599.16,28.9
ORD-10976,2024-04-08,CUST-1068,West,Partner,Electronics,Smartphone,2,707.35,0.0,1414.7,350.07
ORD-10977,2024-01-24,CUST-1097,Central,Partner,Office Supplies,Stapler,5,349.34,0.2,1397.36,-48.43
ORD-10978,2024-11-18,CUST-1101,East,Online,Furniture,Lamp,3,633.77,0.05,1806.24,-50.22
ORD-10979,2024-12-05,CUST-1078,North,Online,Toys,RC Car,4,175.3,0.0,701.2,169.92
ORD-10980,2024-06-13,CUST-1091,East,Partner,Toys,Doll,5,305.67,0.15,1299.1,125.53
ORD-10981,2024-10-25,CUST-1083,North,Online,Clothing,Jacket,4,221.99,0.1,799.16,150.11
ORD-10982,2024-08-05,CUST-1113,West,Partner,Furniture,Desk,4,691.9,0.1,2490.84,-112.65
ORD-10983,2024-05-31,CUST-1056,Central,Store,Furniture,Bookshelf,3,444.94,0.0,1334.82,301.42
ORD-10984,2024-08-18,CUST-1059,West,Store,Furniture,Lamp,1,377.55,0.15,320.92,6.87
ORD-10985,2024-04-29,CUST-1033,North,Store,Office Supplies,Paper Ream,3,225.69,0.0,677.07,-40.77
ORD-10986,2024-05-21,CUST-1118,South,Online,Electronics,Headphones,5,415.1,0.2,1660.4,-230.22
ORD-10987,2024-12-11,CUST-1042,East,Store,Electronics,Smartphone,3,40.24,0.0,120.72,2.04
ORD-10988,2024-10-05,CUST-1116,East,Online,Office Supplies,Notebook,5,798.42,0.25,2994.07,902.98
ORD-10989,2024-10-23,CUST-1096,North,Store,Office Supplies,Stapler,3,628.67,0.1,1697.41,609.01
ORD-10990,2024-08-30,CUST-1029,Central,Partner,Toys,Board Game,4,189.79,0.2,607.33,170.48
ORD-10991,2024-04-06,CUST-1054,West,Online,Toys,Doll,4,279.12,0.0,1116.48,7.3
ORD-10992,2024-03-06,CUST-1039,North,Store,Clothing,Jacket,5,33.78,0.0,168.9,23.44
ORD-10993,2024-12-19,CUST-1068,East,Store,Office Supplies,Stapler,2,341.13,0.2,545.81,154.4
ORD-10994,2024-06-18,CUST-1072,Central,Partner,Toys,Puzzle,5,630.43,0.0,3152.15,-230.59
ORD-10995,2024-07-16,CUST-1024,West,Online,Toys,Doll,4,171.32,0.1,616.75,-80.96
ORD-10996,2024-02-23,CUST-1086,Central,Online,Office Supplies,Folder,4,514.81,0.05,1956.28,-212.88
ORD-10997,2024-07-16,CUST-1036,South,Online,Electronics,Tablet,4,31.2,0.0,124.8,-14.38
ORD-10998,2024-03-28,CUST-1041,West,Store,Office Supplies,Folder,1,369.18,0.05,350.72,40.34
ORD-10999,2024-07-18,CUST-1115,South,Online,Furniture,Office Chair,2,433.8,0.1,780.84,192.24
